episode,step,id_sat,visilbiltys,connexions,completed,completed_reward,aquisition_loss,requests_loss2,0,295,2,0,0,0,0,0
2,1,226,2,0,0,0,0,0
2,2,203,3,0,0,0,0,0
2,3,297,1,0,0,0,0,0
2,4,252,1,0,0,0,0,0
2,5,210,1,0,0,0,0,0
2,6,250,1,0,0,0,0,0
2,7,250,1,0,0,0,0,0
2,8,211,2,0,0,0,0,0
2,9,265,3,0,0,0,0,0
2,10,265,3,0,0,0,0,0
2,11,293,2,0,0,0,0,0
2,12,299,1,0,0,0,0,0
2,13,285,2,0,0,0,0,0
2,14,222,2,0,0,0,0,0
2,15,222,2,0,0,0,0,0
2,16,222,2,0,0,0,0,0
2,17,261,2,0,0,0,0,0
2,18,236,1,0,0,0,0,0
2,19,239,1,0,0,0,0,0
2,20,239,1,0,0,0,0,0
2,21,225,2,0,0,0,0,0
2,22,225,2,0,0,0,0,0
2,23,264,4,0,0,0,0,0
2,24,225,2,0,0,0,0,0
2,25,268,2,0,0,0,0,0
2,26,268,2,0,0,0,0,0
2,27,264,5,0,0,0,0,0
2,28,284,3,0,0,0,0,0
2,29,264,5,0,0,0,0,0
2,30,284,3,0,0,0,0,0
2,31,284,3,0,0,0,0,0
2,32,231,4,0,0,0,0,0
2,33,251,3,0,0,0,0,0
2,34,290,3,0,0,0,0,0
2,35,231,4,0,0,0,0,0
2,36,290,3,0,0,0,0,0
2,37,207,1,0,0,0,0,0
2,38,290,3,0,0,0,0,0
2,39,283,2,0,0,0,0,0
2,40,218,2,0,0,0,0,0
2,41,272,3,0,0,0,0,0
2,42,272,3,0,0,0,0,0
2,43,249,3,0,0,0,0,0
2,44,220,3,0,0,0,0,0
2,45,289,3,0,0,0,0,0
2,46,289,3,0,0,0,0,0
2,47,289,3,0,0,0,0,0
2,48,259,3,0,0,0,0,0
2,49,289,3,0,0,0,0,0
2,50,289,3,0,0,0,0,0
2,51,252,2,1,1,3,0,0
2,52,289,3,0,0,0,0,0
2,53,255,2,0,0,0,0,0
2,54,281,2,0,0,0,0,0
2,55,202,2,0,0,0,0,0
2,56,210,2,1,1,2,0,0
2,57,229,1,0,0,0,0,0
2,58,258,2,0,0,0,0,0
2,59,281,2,0,0,0,0,0
2,60,281,2,0,0,0,0,0
2,61,281,2,0,0,0,0,0
2,62,258,2,0,0,0,0,0
2,63,287,1,0,0,0,0,0
2,64,258,2,0,0,0,0,0
2,65,287,1,0,0,0,0,0
2,66,206,3,0,0,0,0,0
2,67,219,3,0,0,0,0,0
2,68,257,4,0,0,0,0,0
2,69,287,1,0,0,0,0,0
2,70,238,2,0,0,0,0,0
2,71,286,1,0,0,0,0,0
2,72,238,2,0,0,0,0,0
2,73,263,3,0,0,0,0,0
2,74,203,4,1,1,3,0,0
2,75,231,5,1,1,2,0,0
2,76,238,2,0,0,0,0,0
2,77,253,2,0,0,0,0,0
2,78,266,2,0,0,0,0,0
2,79,298,3,0,0,0,0,0
2,80,238,2,0,0,0,0,0
2,81,211,4,1,1,3,0,0
2,82,234,3,0,0,0,0,0
2,83,269,2,0,0,0,0,0
2,84,234,3,0,0,0,0,0
2,85,269,2,0,0,0,0,0
2,86,269,2,0,0,0,0,0
2,87,225,3,1,1,2,0,0
2,88,269,2,0,0,0,0,0
2,89,269,2,0,0,0,0,0
2,90,203,4,1,1,3,0,0
2,91,253,2,0,0,0,0,0
2,92,254,2,0,0,0,0,0
2,93,266,2,1,1,3,0,0
2,94,205,3,0,0,0,0,0
2,95,254,2,0,0,0,0,0
2,96,254,2,0,0,0,0,0
2,97,266,3,1,1,3,0,0
2,98,216,3,0,0,0,0,0
2,99,254,2,0,0,0,0,0
2,100,266,3,1,1,3,0,0
2,101,206,3,1,1,4,0,0
2,102,214,3,0,0,0,0,0
2,103,261,3,1,1,3,0,0
2,104,296,3,0,0,0,0,0
2,105,275,4,0,0,0,0,0
2,106,260,1,0,0,0,0,0
2,107,260,1,0,0,0,0,0
2,108,260,1,0,0,0,0,0
2,109,260,1,0,0,0,0,0
2,110,274,4,0,0,0,0,0
2,111,250,5,1,1,2,0,0
2,112,204,4,0,0,0,0,0
2,113,254,2,0,0,0,0,0
2,114,212,2,0,0,0,0,0
2,115,243,3,0,0,0,0,0
2,116,212,2,0,0,0,0,0
2,117,212,2,0,0,0,0,0
2,118,212,2,0,0,0,0,0
2,119,224,3,0,0,0,0,0
2,120,228,3,0,0,0,0,0
2,121,246,3,0,0,0,0,0
2,122,293,3,1,1,3,0,0
2,123,235,2,0,0,0,0,0
2,124,235,2,0,0,0,0,0
2,125,206,4,1,2,5,0,0
2,126,235,2,0,0,0,0,0
2,127,206,4,1,2,5,0,0
2,128,279,5,0,0,0,0,0
2,129,279,5,0,0,0,0,0
2,130,244,3,0,0,0,0,0
2,131,242,2,0,0,0,0,0
2,132,221,3,0,0,0,0,0
2,133,221,3,0,0,0,0,0
2,134,222,5,1,1,1,0,0
2,135,222,5,1,1,1,0,0
2,136,222,5,1,1,1,0,0
2,137,222,5,1,1,1,0,0
2,138,217,3,0,0,0,0,0
2,139,286,3,1,1,4,0,0
2,140,217,3,0,0,0,0,0
2,141,286,3,1,1,4,0,0
2,142,277,1,0,0,0,0,0
2,143,214,3,0,0,0,0,0
2,144,215,3,0,0,0,0,0
2,145,271,4,0,0,0,0,0
2,146,282,3,0,0,0,0,0
2,147,283,4,1,1,1,0,0
2,148,201,3,0,0,0,0,0
2,149,236,3,1,1,2,0,0
2,150,200,1,0,0,0,0,0
2,151,200,1,0,0,0,0,0
2,152,219,4,1,1,3,0,0
2,153,219,4,1,1,3,0,0
2,154,201,3,1,1,4,0,0
2,155,219,4,1,1,3,0,0
2,156,291,2,0,0,0,0,0
2,157,291,2,0,0,0,0,0
2,158,201,4,1,1,4,0,0
2,159,243,4,1,1,4,0,0
2,160,264,6,1,1,1,0,0
2,161,237,2,0,0,0,0,0
2,162,237,2,0,0,0,0,0
2,163,226,4,1,1,1,0,0
2,164,237,2,0,0,0,0,0
2,165,249,4,1,1,3,0,0
2,166,251,4,1,1,1,0,0
2,167,284,4,1,1,3,0,0
2,168,237,2,0,0,0,0,0
2,169,282,3,0,0,0,0,0
2,170,283,4,1,1,1,0,0
2,171,255,5,1,1,3,0,0
2,172,295,3,1,1,3,0,0
2,173,218,4,1,1,2,0,0
2,174,247,3,0,0,0,0,0
2,175,269,3,1,1,2,0,0
2,176,280,2,0,0,0,0,0
2,177,295,3,1,1,3,0,0
2,178,244,4,1,1,3,0,0
2,179,282,3,1,1,4,0,0
2,180,228,4,0,0,0,0,0
2,181,228,4,0,0,0,0,0
2,182,282,4,1,1,4,0,0
2,183,293,4,1,1,3,0,0
2,184,293,4,1,1,3,0,0
2,185,238,4,1,1,1,0,0
2,186,231,8,2,2,3,0,0
2,187,231,8,2,2,3,0,0
2,188,231,8,2,2,3,0,0
2,189,231,8,2,2,3,0,0
2,190,231,8,2,2,3,0,0
2,191,231,8,2,2,3,0,0
2,192,221,4,1,1,4,0,0
2,193,286,4,2,2,8,0,0
2,194,265,5,1,1,3,0,0
2,195,265,5,1,1,3,0,0
2,196,224,4,0,0,0,0,0
2,197,224,4,0,0,0,0,0
2,198,224,4,0,0,0,0,0
2,199,224,4,0,0,0,0,0
2,200,277,2,1,1,2,0,0
2,201,281,3,1,1,3,0,0
2,202,234,4,1,1,2,0,0
2,203,281,3,1,1,3,0,0
2,204,211,6,2,2,7,0,0
2,205,249,4,2,2,5,0,0
2,206,272,5,1,1,4,0,0
2,207,284,4,2,2,5,0,0
2,208,211,6,2,2,7,0,0
2,209,272,5,1,1,4,0,0
2,210,207,2,0,0,0,0,0
2,211,210,3,2,2,6,0,0
2,212,258,3,1,1,4,0,0
2,213,297,2,1,1,4,0,0
2,214,235,3,1,1,1,0,0
2,215,259,4,1,1,2,0,0
2,216,268,3,1,1,1,0,0
2,217,269,3,1,1,2,0,0
2,218,272,5,2,2,6,0,0
2,219,269,3,1,1,2,0,0
2,220,229,2,1,1,3,0,0
2,221,260,3,1,1,4,0,0
2,222,267,2,0,0,0,0,0
2,223,228,5,1,1,4,0,0
2,224,229,2,1,1,3,0,0
2,225,260,3,1,1,4,0,0
2,226,267,2,0,0,0,0,0
2,227,275,6,1,1,2,0,0
2,228,291,3,1,1,1,0,0
2,229,228,5,1,1,4,0,0
2,230,229,2,1,1,3,0,0
2,231,260,3,1,1,4,0,0
2,232,267,2,0,0,0,0,0
2,233,275,6,1,1,2,0,0
2,234,291,3,1,1,1,0,0
2,235,228,5,1,1,4,0,0
2,236,275,6,1,1,2,0,0
2,237,228,5,1,1,4,0,0
2,238,203,5,2,2,4,0,0
2,239,264,7,2,2,4,0,0
2,240,266,4,1,1,3,0,0
2,241,299,2,1,1,4,0,0
2,242,299,2,1,1,4,0,0
2,243,204,5,1,1,4,0,0
2,244,218,5,1,1,2,0,0
2,245,247,4,0,0,0,0,0
2,246,269,4,2,2,6,0,0
2,247,247,4,0,0,0,0,0
2,248,247,4,0,0,0,0,0
2,249,247,4,0,0,0,0,0
2,250,203,6,2,2,4,0,0
2,251,261,4,1,1,3,0,0
2,252,266,5,2,2,7,0,0
2,253,276,3,0,0,0,0,0
2,254,298,5,1,1,1,0,0
2,255,293,5,2,2,7,0,0
2,256,224,5,1,1,3,0,0
2,257,225,4,2,2,5,0,0
2,258,228,6,2,2,7,0,0
2,259,239,3,1,1,1,0,0
2,260,246,4,1,1,4,0,0
2,261,293,5,2,2,7,0,0
2,262,237,3,1,1,4,0,0
2,263,247,4,1,1,3,0,0
2,264,280,3,1,1,2,0,0
2,265,284,5,2,3,7,0,0
2,266,284,5,2,3,7,0,0
2,267,231,9,3,3,6,0,0
2,268,258,3,1,1,4,0,0
2,269,284,5,2,3,7,0,0
2,270,297,2,1,1,4,0,0
2,271,229,3,1,1,3,0,0
2,272,258,3,1,1,4,0,0
2,273,265,6,2,2,5,0,0
2,274,278,3,0,0,0,0,0
2,275,284,5,2,3,7,0,0
2,276,297,2,1,1,4,0,0
2,277,203,6,3,3,6,0,0
2,278,261,4,2,2,6,0,0
2,279,266,5,2,2,7,0,0
2,280,289,5,1,1,4,0,0
2,281,298,5,2,2,5,0,0
2,282,203,6,3,4,7,0,0
2,283,289,5,1,1,4,0,0
2,284,289,5,1,1,4,0,0
2,285,298,6,2,2,5,0,0
2,286,201,7,2,2,6,0,0
2,287,230,2,0,0,0,0,0
2,288,258,3,1,1,4,0,0
2,289,201,7,2,2,6,0,0
2,290,230,2,0,0,0,0,0
2,291,239,3,1,1,1,0,0
2,292,246,4,1,1,4,0,0
2,293,230,2,0,0,0,0,0
2,294,230,2,0,0,0,0,0
2,295,266,5,3,3,10,0,0
2,296,289,5,1,1,4,0,0
2,297,211,7,2,2,7,0,0
2,298,268,4,2,2,5,0,0
2,299,289,5,1,1,4,0,0
2,300,289,5,1,1,4,0,0
2,301,239,3,1,1,1,0,0
2,302,266,6,3,3,10,0,0
2,303,289,5,1,1,4,0,0
2,304,266,6,3,3,10,0,0
2,305,289,5,1,1,4,0,0
2,306,266,6,4,4,12,0,0
2,307,289,5,2,2,8,0,0
2,308,295,4,2,2,7,0,0
2,309,266,7,4,4,12,0,0
2,310,270,2,0,0,0,0,0
2,311,289,6,2,2,8,0,0
2,312,291,3,2,2,3,0,0
2,313,270,2,0,0,0,0,0
2,314,291,3,2,3,6,0,0
2,315,208,4,0,0,0,0,0
2,316,222,9,2,2,2,0,0
2,317,264,8,3,3,6,0,0
2,318,270,2,1,1,3,0,0
2,319,211,7,3,3,11,0,0
2,320,264,8,3,3,6,0,0
2,321,270,3,1,1,3,0,0
2,322,241,3,0,0,0,0,0
2,323,299,3,2,2,7,0,0
2,324,241,3,0,0,0,0,0
2,325,299,3,2,2,7,0,0
2,326,206,5,2,3,8,0,0
2,327,228,8,2,2,7,0,0
2,328,266,8,4,4,12,0,0
2,329,289,6,3,3,12,0,0
2,330,266,8,4,4,12,0,0
2,331,285,6,1,1,3,0,0
2,332,285,6,1,1,3,0,0
2,333,242,4,1,1,3,0,0
2,334,293,6,3,3,10,0,0
2,335,227,3,0,0,0,0,0
2,336,250,8,2,2,4,0,0
2,337,257,6,1,1,1,0,0
2,338,226,6,2,2,4,0,0
2,339,249,6,2,3,8,0,0
2,340,267,3,1,1,3,0,0
2,341,251,5,2,2,5,0,0
2,342,291,4,2,3,6,0,0
2,343,251,5,2,2,5,0,0
2,344,291,4,2,3,6,0,0
2,345,275,8,2,2,4,0,0
2,346,275,8,2,2,4,0,0
2,347,275,8,2,2,4,0,0
2,348,275,8,2,2,4,0,0
2,349,275,8,2,2,4,0,0
2,350,226,7,2,2,4,0,0
2,351,225,5,3,3,8,0,0
2,352,285,6,2,2,7,0,0
2,353,284,6,3,4,8,0,0
2,354,225,5,4,4,12,0,0
2,355,284,6,3,4,8,0,0
2,356,250,9,3,3,8,0,0
2,357,203,7,3,5,8,0,0
2,358,226,8,2,2,4,0,0
2,359,239,4,2,2,5,0,0
2,360,261,5,2,3,7,0,0
2,361,276,4,1,1,4,0,0
2,362,290,4,1,1,2,0,0
2,363,298,8,3,3,8,0,0
2,364,229,5,1,1,3,0,0
2,365,242,5,1,1,3,0,0
2,366,291,4,2,3,6,0,0
2,367,211,8,3,4,13,0,0
2,368,221,6,2,2,7,0,0
2,369,242,5,1,1,3,0,0
2,370,267,3,1,1,3,0,0
2,371,285,7,2,2,7,0,0
2,372,291,4,2,3,6,0,0
2,373,242,5,1,1,3,0,0
2,374,291,4,2,3,6,0,0
2,375,219,5,2,2,5,0,0
2,376,232,5,0,0,0,0,0
2,377,203,7,3,5,8,0,0
2,378,219,5,2,2,5,0,0
2,379,232,5,0,0,0,0,0
2,380,261,5,2,3,7,0,0
2,381,203,7,3,5,8,0,0
2,382,261,5,2,3,7,0,0
2,383,265,7,3,3,9,0,0
2,384,276,5,1,1,4,0,0
2,385,293,7,4,4,12,0,0
2,386,290,5,2,2,5,0,0
2,387,291,4,2,3,6,0,0
2,388,291,4,2,3,6,0,0
2,389,207,3,1,1,3,0,0
2,390,259,5,1,1,2,0,0
2,391,268,5,3,3,8,0,0
2,392,291,4,2,3,6,0,0
2,393,291,4,2,3,6,0,0
2,394,254,3,0,0,0,0,0
2,395,254,3,0,0,0,0,0
2,396,271,5,1,1,3,0,0
2,397,285,7,2,2,7,0,0
2,398,271,5,1,1,3,0,0
2,399,271,5,1,1,3,0,0
2,400,271,5,1,1,3,0,0
2,401,293,9,5,5,13,0,0
2,402,242,6,2,2,4,0,0
2,403,271,5,1,1,3,0,0
2,404,293,9,5,5,13,0,0
2,405,242,6,2,2,4,0,0
2,406,285,7,3,3,9,0,0
2,407,293,9,5,5,13,0,0
2,408,207,3,1,1,3,0,0
2,409,259,5,2,2,5,0,0
2,410,268,5,4,4,12,0,0
2,411,207,3,1,1,3,0,0
2,412,264,9,4,4,9,0,0
2,413,207,3,1,1,3,0,0
2,414,259,5,2,3,8,0,0
2,415,210,4,3,3,7,0,0
2,416,240,3,0,0,0,0,0
2,417,258,4,2,2,8,0,0
2,418,297,3,2,2,7,0,0
2,419,226,9,3,3,8,0,0
2,420,207,3,2,2,4,0,0
2,421,276,5,1,1,4,0,0
2,422,298,9,3,3,8,0,0
2,423,202,3,1,1,4,0,0
2,424,210,4,3,3,7,0,0
2,425,218,5,2,2,5,0,0
2,426,224,7,2,2,6,0,0
2,427,228,9,3,3,11,0,0
2,428,237,4,2,2,6,0,0
2,429,239,5,2,2,5,0,0
2,430,246,6,2,2,6,0,0
2,431,258,4,2,2,8,0,0
2,432,297,3,2,2,7,0,0
2,433,210,4,3,3,7,0,0
2,434,258,4,2,2,8,0,0
2,435,297,3,2,2,7,0,0
2,436,222,10,3,3,3,0,0
2,437,272,7,2,3,10,0,0
2,438,224,7,3,3,8,0,0
2,439,228,9,3,3,11,0,0
2,440,239,5,3,3,9,0,0
2,441,246,6,3,3,9,0,0
2,442,225,7,4,4,12,0,0
2,443,225,7,4,4,12,0,0
2,444,236,8,2,2,6,0,0
2,445,225,7,4,4,12,0,0
2,446,261,6,3,4,9,0,0
2,447,271,5,2,2,4,0,0
2,448,283,5,2,2,5,0,0
2,449,289,7,3,4,13,0,0
2,450,252,3,2,2,5,0,0
2,451,261,6,3,4,9,0,0
2,452,290,6,3,3,8,0,0
2,453,224,7,3,4,10,0,0
2,454,227,4,1,1,4,0,0
2,455,233,2,0,0,0,0,0
2,456,246,6,3,4,10,0,0
2,457,261,6,3,4,9,0,0
2,458,283,5,2,2,5,0,0
2,459,290,6,3,3,8,0,0
2,460,233,2,0,0,0,0,0
2,461,261,6,3,4,9,0,0
2,462,290,6,3,3,8,0,0
2,463,233,2,0,0,0,0,0
2,464,290,6,3,3,8,0,0
2,465,233,2,0,0,0,0,0
2,466,246,6,3,5,11,0,0
2,467,227,5,1,1,4,0,0
2,468,233,2,0,0,0,0,0
2,469,227,5,1,1,4,0,0
2,470,208,5,1,1,4,0,0
2,471,227,5,1,1,4,0,0
2,472,208,5,1,1,4,0,0
2,473,203,8,4,6,11,0,0
2,474,266,9,5,5,15,0,0
2,475,285,8,3,4,11,0,0
2,476,203,8,4,6,11,0,0
2,477,266,9,5,5,15,0,0
2,478,271,6,2,2,4,0,0
2,479,283,5,3,3,9,0,0
2,480,285,8,3,4,11,0,0
2,481,283,6,3,3,9,0,0
2,482,283,6,3,3,9,0,0
2,483,284,8,4,5,11,0,0
2,484,231,12,4,4,7,0,0
2,485,252,4,3,3,9,0,0
2,486,258,4,3,3,12,0,0
2,487,231,12,4,4,7,0,0
2,488,241,4,1,1,4,0,0
2,489,248,5,0,0,0,0,0
2,490,252,4,3,3,9,0,0
2,491,231,12,4,4,7,0,0
2,492,241,4,1,1,4,0,0
2,493,248,5,0,0,0,0,0
2,494,231,12,4,4,7,0,0
2,495,241,4,1,1,4,0,0
2,496,258,5,3,3,12,0,0
2,497,266,9,6,6,17,0,0
2,498,298,10,4,4,10,0,0
2,499,214,4,1,1,3,0,0
2,500,263,5,1,1,4,0,0
2,501,286,5,3,3,10,0,0
2,502,288,4,0,0,0,0,0
2,503,276,6,2,2,8,0,0
2,504,276,6,2,2,8,0,0
2,505,232,6,1,1,3,0,0
2,506,232,6,1,1,3,0,0
2,507,232,6,1,1,3,0,0
2,508,232,6,1,1,3,0,0
2,509,283,6,4,4,11,0,0
2,510,271,7,3,3,5,0,0
2,511,207,4,2,2,4,0,0
2,512,259,6,2,4,10,0,0
2,513,268,6,4,5,13,0,0
2,514,270,4,2,2,5,0,0
2,515,271,7,3,3,5,0,0
2,516,297,4,2,2,7,0,0
2,517,245,2,0,0,0,0,0
2,518,211,10,4,5,14,0,0
2,519,249,9,3,4,10,0,0
2,520,268,7,4,5,13,0,0
2,521,211,10,4,5,14,0,0
2,522,249,9,3,4,10,0,0
2,523,268,7,4,5,13,0,0
2,524,268,7,4,5,13,0,0
2,525,283,7,4,4,11,0,0
2,526,283,7,4,4,11,0,0
2,527,283,7,4,4,11,0,0
2,528,283,7,4,4,11,0,0
2,529,207,4,3,3,8,0,0
2,530,270,4,2,2,5,0,0
2,531,214,4,1,1,3,0,0
2,532,263,5,1,1,4,0,0
2,533,270,4,2,2,5,0,0
2,534,282,5,2,2,8,0,0
2,535,288,4,0,0,0,0,0
2,536,270,4,2,2,5,0,0
2,537,207,5,3,3,8,0,0
2,538,270,4,2,2,5,0,0
2,539,211,10,4,5,14,0,0
2,540,290,7,4,4,10,0,0
2,541,290,7,4,4,10,0,0
2,542,206,6,3,4,11,0,0
2,543,250,10,4,4,11,0,0
2,544,257,8,1,1,1,0,0
2,545,206,6,3,4,11,0,0
2,546,206,6,3,4,11,0,0
2,547,206,6,3,4,11,0,0
2,548,206,6,3,4,11,0,0
2,549,252,5,3,3,9,0,0
2,550,206,6,3,4,11,0,0
2,551,236,9,3,3,8,0,0
2,552,206,6,3,4,11,0,0
2,553,236,9,3,3,8,0,0
2,554,231,13,5,5,10,0,0
2,555,231,13,5,5,10,0,0
2,556,231,13,5,5,10,0,0
2,557,225,8,5,5,15,0,0
2,558,238,5,2,2,3,0,0
2,559,244,6,2,2,4,0,0
2,560,270,4,2,2,5,0,0
2,561,203,9,4,6,11,0,0
2,562,225,8,5,5,15,0,0
2,563,238,5,2,2,3,0,0
2,564,244,6,2,2,4,0,0
2,565,254,4,1,1,4,0,0
2,566,261,7,4,5,10,0,0
2,567,270,4,2,2,5,0,0
2,568,278,4,1,1,2,0,0
2,569,278,4,1,1,2,0,0
2,570,225,8,5,5,15,0,0
2,571,257,9,1,1,1,0,0
2,572,231,14,5,5,10,0,0
2,573,233,3,1,1,3,0,0
2,574,238,5,2,2,3,0,0
2,575,256,1,0,0,0,0,0
2,576,238,5,2,2,3,0,0
2,577,256,1,0,0,0,0,0
2,578,238,5,2,2,3,0,0
2,579,238,5,2,2,3,0,0
2,580,272,8,3,4,13,0,0
2,581,272,8,3,4,13,0,0
2,582,272,8,3,4,13,0,0
2,583,267,6,2,2,5,0,0
2,584,267,6,2,2,5,0,0
2,585,286,6,4,4,11,0,0
2,586,219,7,3,3,8,0,0
2,587,236,10,4,4,11,0,0
2,588,219,7,3,3,8,0,0
2,589,236,10,4,4,11,0,0
2,590,236,10,4,4,11,0,0
2,591,283,8,5,5,13,0,0
2,592,225,9,5,5,15,0,0
2,593,225,9,5,5,15,0,0
2,594,237,4,3,3,10,0,0
2,595,225,10,5,5,15,0,0
2,596,203,10,5,7,15,0,0
2,597,237,5,3,3,10,0,0
2,598,244,8,3,3,8,0,0
2,599,244,8,3,3,8,0,0
2,600,244,8,3,3,8,0,0
2,601,214,4,1,1,3,0,0
2,602,220,5,1,1,1,0,0
2,603,228,10,4,4,12,0,0
2,604,243,6,2,2,7,0,0
2,605,255,6,2,2,4,0,0
2,606,282,5,3,3,9,0,0
2,607,214,4,1,1,3,0,0
2,608,220,5,1,1,1,0,0
2,609,235,5,2,2,5,0,0
2,610,255,6,2,2,4,0,0
2,611,235,5,2,2,5,0,0
2,612,235,5,2,2,5,0,0
2,613,203,10,5,7,15,0,0
2,614,229,6,2,2,7,0,0
2,615,235,5,2,2,5,0,0
2,616,289,9,4,5,16,0,0
2,617,203,10,5,7,15,0,0
2,618,235,5,2,2,5,0,0
2,619,289,9,4,5,16,0,0
2,620,235,5,2,2,5,0,0
2,621,235,5,2,2,5,0,0
2,622,209,6,0,0,0,0,0
2,623,262,3,0,0,0,0,0
2,624,273,4,0,0,0,0,0
2,625,279,7,1,1,2,0,0
2,626,291,5,3,4,10,0,0
2,627,285,11,4,5,13,0,0
2,628,203,10,5,7,15,0,0
2,629,203,10,5,7,15,0,0
2,630,250,11,5,5,14,0,0
2,631,250,11,5,5,14,0,0
2,632,209,6,0,0,0,0,0
2,633,273,4,1,1,4,0,0
2,634,279,7,1,1,2,0,0
2,635,291,5,3,4,10,0,0
2,636,293,10,6,6,15,0,0
2,637,273,5,1,1,4,0,0
2,638,293,10,6,6,15,0,0
2,639,241,5,2,2,6,0,0
2,640,286,7,5,5,13,0,0
2,641,286,7,5,5,13,0,0
2,642,286,7,5,5,13,0,0
2,643,236,11,5,5,14,0,0
2,644,286,7,5,5,13,0,0
2,645,236,11,5,5,14,0,0
2,646,286,7,5,5,13,0,0
2,647,236,11,5,5,14,0,0
2,648,299,4,3,3,8,0,0
2,649,220,5,2,2,2,0,0
2,650,228,10,5,5,13,0,0
2,651,239,6,3,4,12,0,0
2,652,255,6,2,2,4,0,0
2,653,282,6,3,3,9,0,0
2,654,219,9,4,4,11,0,0
2,655,220,5,2,3,3,0,0
2,656,239,6,3,4,12,0,0
2,657,255,6,2,2,4,0,0
2,658,219,9,4,4,11,0,0
2,659,219,9,4,4,11,0,0
2,660,219,9,4,4,11,0,0
2,661,219,9,4,4,11,0,0
2,662,216,6,1,1,4,0,0
2,663,215,4,1,1,2,0,0
2,664,254,5,2,2,7,0,0
2,665,265,9,4,4,10,0,0
2,666,226,10,4,4,10,0,0
2,667,239,6,3,4,12,0,0
2,668,255,6,3,3,7,0,0
2,669,226,10,4,4,10,0,0
2,670,239,6,3,4,12,0,0
2,671,226,10,4,4,10,0,0
2,672,226,10,4,4,10,0,0
2,673,255,7,3,3,7,0,0
2,674,226,10,4,4,10,0,0
2,675,255,7,3,3,7,0,0
2,676,226,10,4,4,10,0,0
2,677,255,7,3,3,7,0,0
2,678,277,4,2,2,6,0,0
2,679,264,11,5,5,10,0,0
2,680,277,4,2,2,6,0,0
2,681,279,7,2,2,3,0,0
2,682,286,8,6,6,15,0,0
2,683,291,5,4,5,12,0,0
2,684,293,10,7,7,17,0,0
2,685,286,8,6,6,15,0,0
2,686,201,8,3,3,10,0,0
2,687,293,11,7,7,17,0,0
2,688,226,10,4,4,10,0,0
2,689,239,6,4,5,16,0,0
2,690,249,11,4,5,12,0,0
2,691,226,10,4,4,10,0,0
2,692,249,11,4,5,12,0,0
2,693,226,10,4,4,10,0,0
2,694,249,11,4,5,12,0,0
2,695,284,9,5,6,15,0,0
2,696,214,5,2,2,5,0,0
2,697,240,4,1,1,3,0,0
2,698,288,5,1,1,3,0,0
2,699,288,5,1,1,3,0,0
2,700,288,5,1,1,3,0,0
2,701,209,7,1,1,4,0,0
2,702,262,4,1,1,3,0,0
2,703,273,6,1,1,4,0,0
2,704,291,7,4,5,12,0,0
2,705,244,9,4,4,9,0,0
2,706,293,12,8,8,18,0,0
2,707,293,12,8,8,18,0,0
2,708,211,11,5,6,16,0,0
2,709,226,10,4,4,10,0,0
2,710,249,11,4,5,12,0,0
2,711,269,5,3,3,9,0,0
2,712,280,4,2,2,6,0,0
2,713,296,5,1,1,1,0,0
2,714,207,6,4,4,9,0,0
2,715,296,5,1,1,1,0,0
2,716,207,6,4,4,9,0,0
2,717,211,11,5,6,16,0,0
2,718,249,11,4,5,12,0,0
2,719,280,4,2,2,6,0,0
2,720,211,11,5,6,16,0,0
2,721,218,6,2,3,9,0,0
2,722,249,11,4,5,12,0,0
2,723,284,9,6,7,16,0,0
2,724,213,2,0,0,0,0,0
2,725,213,2,0,0,0,0,0
2,726,213,2,0,0,0,0,0
2,727,213,2,0,0,0,0,0
2,728,213,2,0,0,0,0,0
2,729,213,2,0,0,0,0,0
2,730,213,2,0,0,0,0,0
2,731,218,6,2,3,9,0,0
2,732,290,8,5,5,11,0,0
2,733,209,7,1,1,4,0,0
2,734,213,2,0,0,0,0,0
2,735,262,4,1,1,3,0,0
2,736,291,7,4,5,12,0,0
2,737,293,13,8,8,18,0,0
2,738,213,2,0,0,0,0,0
2,739,281,5,2,2,5,0,0
2,740,256,2,1,1,1,0,0
2,741,256,2,1,1,1,0,0
2,742,235,6,3,3,9,0,0
2,743,256,2,1,1,1,0,0
2,744,256,2,1,1,1,0,0
2,745,256,2,1,1,1,0,0
2,746,272,9,4,5,14,0,0
2,747,211,11,6,7,20,0,0
2,748,218,6,2,3,9,0,0
2,749,202,4,2,2,8,0,0
2,750,204,7,2,2,5,0,0
2,751,207,6,5,5,11,0,0
2,752,268,9,5,6,16,0,0
2,753,297,5,3,3,9,0,0
2,754,261,8,5,6,11,0,0
2,755,266,11,6,7,20,0,0
2,756,276,7,3,3,12,0,0
2,757,277,5,3,3,10,0,0
2,758,298,11,5,5,14,0,0
2,759,204,7,2,2,5,0,0
2,760,297,5,3,3,9,0,0
2,761,207,7,5,5,11,0,0
2,762,269,5,4,4,13,0,0
2,763,278,6,2,2,3,0,0
2,764,204,7,2,2,5,0,0
2,765,220,6,2,4,4,0,0
2,766,226,11,5,5,13,0,0
2,767,297,5,4,4,11,0,0
2,768,210,6,4,4,9,0,0
2,769,259,7,3,5,12,0,0
2,770,287,2,1,1,1,0,0
2,771,204,7,3,3,9,0,0
2,772,251,7,3,3,7,0,0
2,773,275,9,3,3,6,0,0
2,774,275,9,3,3,6,0,0
2,775,275,9,3,3,6,0,0
2,776,298,11,5,5,14,0,0
2,777,298,11,5,5,14,0,0
2,778,246,8,3,6,12,0,0
2,779,299,5,4,4,9,0,0
2,780,271,9,4,4,6,0,0
2,781,283,9,6,6,16,0,0
2,782,271,9,4,4,6,0,0
2,783,283,9,6,6,16,0,0
2,784,256,3,2,2,5,0,0
2,785,256,3,2,2,5,0,0
2,786,256,3,2,2,5,0,0
2,787,210,6,5,5,10,0,0
2,788,287,2,2,2,5,0,0
2,789,283,9,7,7,18,0,0
2,790,210,7,5,5,10,0,0
2,791,283,9,7,8,19,0,0
2,792,287,3,2,2,5,0,0
2,793,298,13,6,6,17,0,0
2,794,283,9,7,9,20,0,0
2,795,274,5,1,1,2,0,0
2,796,239,8,4,6,18,0,0
2,797,248,7,1,1,1,0,0
2,798,287,3,2,2,5,0,0
2,799,228,13,5,5,13,0,0
2,800,287,3,2,2,5,0,0
2,801,228,13,5,5,13,0,0
2,802,277,6,4,4,14,0,0
2,803,228,13,5,5,13,0,0
2,804,277,6,4,4,14,0,0
2,805,228,13,5,5,13,0,0
2,806,228,13,5,5,13,0,0
2,807,228,13,5,5,13,0,0
2,808,261,9,6,7,14,0,0
2,809,261,9,6,7,14,0,0
2,810,244,12,5,5,12,0,0
2,811,244,12,5,5,12,0,0
2,812,236,12,6,6,16,0,0
2,813,236,12,6,6,16,0,0
2,814,207,9,6,6,12,0,0
2,815,226,11,6,6,17,0,0
2,816,236,12,6,6,16,0,0
2,817,249,12,5,6,15,0,0
2,818,268,10,6,7,20,0,0
2,819,212,3,1,1,4,0,0
2,820,215,5,2,2,4,0,0
2,821,222,11,4,4,7,0,0
2,822,283,9,7,10,21,0,0
2,823,284,10,6,8,19,0,0
2,824,292,2,0,0,0,0,0
2,825,211,12,6,8,23,0,0
2,826,216,7,2,2,8,0,0
2,827,263,6,2,2,8,0,0
2,828,291,9,4,5,12,0,0
2,829,243,7,3,3,10,0,0
2,830,255,8,4,4,9,0,0
2,831,282,7,4,4,11,0,0
2,832,243,7,3,3,10,0,0
2,833,255,8,4,4,9,0,0
2,834,282,7,4,4,11,0,0
2,835,225,12,6,6,18,0,0
2,836,249,12,5,6,15,0,0
2,837,268,10,6,7,20,0,0
2,838,228,14,6,6,17,0,0
2,839,239,9,5,7,20,0,0
2,840,271,10,5,5,10,0,0
2,841,271,10,5,5,10,0,0
2,842,253,4,1,1,2,0,0
2,843,288,6,2,2,7,0,0
2,844,246,9,4,7,16,0,0
2,845,213,3,1,1,4,0,0
2,846,225,12,7,7,22,0,0
2,847,206,7,4,5,15,0,0
2,848,225,12,7,8,25,0,0
2,849,257,10,2,2,5,0,0
2,850,294,3,0,0,0,0,0
2,851,294,3,0,0,0,0,0
2,852,212,4,1,1,4,0,0
2,853,253,4,1,1,2,0,0
2,854,275,10,4,4,10,0,0
2,855,211,12,6,8,23,0,0
2,856,214,6,3,3,6,0,0
2,857,268,11,6,7,20,0,0
2,858,290,9,6,6,12,0,0
2,859,205,4,1,1,3,0,0
2,860,293,15,9,9,22,0,0
2,861,221,8,3,3,9,0,0
2,862,234,7,2,2,5,0,0
2,863,242,8,3,3,8,0,0
2,864,250,13,6,6,17,0,0
2,865,251,7,4,4,11,0,0
2,866,291,10,5,6,15,0,0
2,867,293,15,9,9,22,0,0
2,868,288,7,3,3,11,0,0
2,869,296,6,2,2,4,0,0
2,870,251,8,4,4,11,0,0
2,871,285,13,5,6,17,0,0
2,872,251,8,4,4,11,0,0
2,873,285,13,5,6,17,0,0
2,874,251,8,4,4,11,0,0
2,875,285,13,5,6,17,0,0
2,876,266,13,7,8,24,0,0
2,877,285,13,5,6,17,0,0
2,878,266,13,7,8,24,0,0
2,879,285,13,5,6,17,0,0
2,880,201,9,4,4,12,0,0
2,881,251,9,4,4,11,0,0
2,882,266,13,7,8,24,0,0
2,883,285,13,5,6,17,0,0
2,884,298,14,7,7,19,0,0
2,885,254,7,3,3,10,0,0
2,886,261,11,7,8,18,0,0
2,887,265,12,5,5,14,0,0
2,888,276,10,3,3,12,0,0
2,889,291,11,6,7,17,0,0
2,890,291,11,6,7,17,0,0
2,891,210,8,6,6,11,0,0
2,892,236,12,7,7,20,0,0
2,893,259,8,4,6,15,0,0
2,894,295,6,3,3,10,0,0
2,895,201,9,4,4,12,0,0
2,896,225,12,7,9,27,0,0
2,897,236,13,7,7,20,0,0
2,898,290,9,6,6,12,0,0
2,899,201,9,4,4,12,0,0
2,900,243,7,3,3,10,0,0
2,901,282,7,4,4,11,0,0
2,902,290,9,6,6,12,0,0
2,903,290,9,6,6,12,0,0
2,904,286,11,7,7,17,0,0
2,905,286,11,7,7,17,0,0
2,906,286,11,7,7,17,0,0
2,907,211,13,6,8,23,0,0
2,908,212,4,1,1,4,0,0
2,909,208,7,2,2,8,0,0
2,910,208,7,2,2,8,0,0
2,911,219,12,5,5,15,0,0
2,912,220,6,3,5,8,0,0
2,913,299,7,5,5,10,0,0
2,914,208,7,2,2,8,0,0
2,915,219,12,5,5,15,0,0
2,916,266,14,8,9,25,0,0
2,917,219,12,5,5,15,0,0
2,918,234,7,3,3,9,0,0
2,919,219,12,5,5,15,0,0
2,920,273,7,2,2,8,0,0
2,921,279,9,2,3,5,0,0
2,922,286,11,8,8,19,0,0
2,923,297,7,4,5,12,0,0
2,924,210,8,7,7,13,0,0
2,925,219,12,5,5,15,0,0
2,926,259,8,5,7,18,0,0
2,927,234,8,3,3,9,0,0
2,928,210,8,7,8,15,0,0
2,929,234,8,3,3,9,0,0
2,930,259,8,5,8,21,0,0
2,931,286,12,8,8,19,0,0
2,932,218,7,3,4,12,0,0
2,933,247,5,1,2,5,0,0
2,934,210,9,7,8,15,0,0
2,935,248,8,2,2,5,0,0
2,936,259,9,5,8,21,0,0
2,937,283,11,7,11,25,0,0
2,938,210,9,7,8,15,0,0
2,939,248,8,2,2,5,0,0
2,940,259,9,5,8,21,0,0
2,941,210,9,7,8,15,0,0
2,942,259,9,5,8,21,0,0
2,943,202,5,3,3,12,0,0
2,944,240,6,2,2,6,0,0
2,945,264,13,6,6,11,0,0
2,946,220,7,3,5,8,0,0
2,947,269,6,4,5,16,0,0
2,948,282,8,5,5,13,0,0
2,949,293,16,10,10,24,0,0
2,950,215,6,3,3,6,0,0
2,951,261,11,7,8,18,0,0
2,952,265,13,5,5,14,0,0
2,953,272,11,5,6,15,0,0
2,954,213,4,2,2,7,0,0
2,955,215,6,3,3,6,0,0
2,956,261,11,7,8,18,0,0
2,957,265,13,5,5,14,0,0
2,958,272,11,5,6,15,0,0
2,959,276,11,4,4,15,0,0
2,960,213,4,2,2,7,0,0
2,961,231,15,6,6,12,0,0
2,962,203,12,6,8,19,0,0
2,963,213,4,2,2,7,0,0
2,964,231,15,6,6,12,0,0
2,965,289,10,5,6,18,0,0
2,966,203,12,6,8,19,0,0
2,967,207,10,7,7,14,0,0
2,968,209,8,2,2,7,0,0
2,969,213,4,2,2,7,0,0
2,970,226,13,6,7,18,0,0
2,971,231,15,6,6,12,0,0
2,972,249,14,6,7,17,0,0
2,973,262,5,1,1,3,0,0
2,974,268,12,6,7,20,0,0
2,975,270,5,3,3,8,0,0
2,976,289,10,5,6,18,0,0
2,977,278,7,3,3,7,0,0
2,978,222,13,4,4,7,0,0
2,979,278,7,3,3,7,0,0
2,980,278,7,3,3,7,0,0
2,981,278,7,3,3,7,0,0
2,982,252,6,4,4,11,0,0
2,983,278,7,3,3,7,0,0
2,984,252,6,4,4,11,0,0
2,985,274,6,2,2,5,0,0
2,986,278,7,3,3,7,0,0
2,987,211,14,6,8,23,0,0
2,988,212,5,2,2,8,0,0
2,989,214,7,4,4,9,0,0
2,990,215,6,3,3,6,0,0
2,991,236,14,8,8,21,0,0
2,992,252,6,4,4,11,0,0
2,993,253,5,2,2,6,0,0
2,994,278,7,3,3,7,0,0
2,995,290,11,7,7,16,0,0
2,996,236,14,8,8,21,0,0
2,997,243,8,4,4,11,0,0
2,998,236,14,8,8,21,0,0
2,999,243,8,4,4,11,0,0
2,1000,210,9,7,8,15,0,0
2,1001,236,14,8,8,21,0,0
2,1002,258,6,4,4,15,0,0
2,1003,272,12,5,6,15,0,0
2,1004,207,10,7,7,14,0,0
2,1005,209,8,2,2,7,0,0
2,1006,226,13,6,7,18,0,0
2,1007,249,14,6,7,17,0,0
2,1008,262,5,2,2,7,0,0
2,1009,285,14,6,7,18,0,0
2,1010,285,14,6,7,18,0,0
2,1011,244,13,6,6,13,0,0
2,1012,248,9,3,3,8,0,0
2,1013,268,13,7,8,24,0,0
2,1014,227,7,2,2,7,0,0
2,1015,248,9,3,3,8,0,0
2,1016,268,13,7,8,24,0,0
2,1017,210,9,7,8,15,0,0
2,1018,227,7,2,2,7,0,0
2,1019,207,10,7,7,14,0,0
2,1020,209,8,2,2,7,0,0
2,1021,249,14,6,7,17,0,0
2,1022,250,14,6,6,17,0,0
2,1023,279,9,3,4,9,0,0
2,1024,226,14,7,8,21,0,0
2,1025,250,14,6,6,17,0,0
2,1026,281,6,3,3,6,0,0
2,1027,250,14,7,7,21,0,0
2,1028,212,5,2,2,8,0,0
2,1029,250,14,7,8,22,0,0
2,1030,253,5,3,3,9,0,0
2,1031,255,10,5,5,10,0,0
2,1032,290,11,7,7,16,0,0
2,1033,257,11,2,2,5,0,0
2,1034,226,15,8,9,23,0,0
2,1035,250,14,7,9,23,0,0
2,1036,226,15,8,9,23,0,0
2,1037,250,15,7,9,23,0,0
2,1038,200,3,1,1,2,0,0
2,1039,250,15,7,9,23,0,0
2,1040,250,15,7,9,23,0,0
2,1041,209,8,3,3,10,0,0
2,1042,267,8,3,3,8,0,0
2,1043,219,13,6,6,18,0,0
2,1044,226,16,9,10,24,0,0
2,1045,267,8,3,3,8,0,0
2,1046,225,14,7,10,31,0,0
2,1047,202,5,3,3,12,0,0
2,1048,273,8,3,3,12,0,0
2,1049,279,10,3,4,9,0,0
2,1050,297,8,5,6,15,0,0
2,1051,249,16,6,7,17,0,0
2,1052,249,16,6,7,17,0,0
2,1053,249,16,6,7,17,0,0
2,1054,290,12,7,7,16,0,0
2,1055,290,12,7,7,16,0,0
2,1056,249,17,6,7,17,0,0
2,1057,271,13,6,6,13,0,0
2,1058,271,13,6,6,13,0,0
2,1059,207,12,8,8,15,0,0
2,1060,265,14,5,5,14,0,0
2,1061,229,7,3,3,11,0,0
2,1062,265,14,5,5,14,0,0
2,1063,229,7,3,3,11,0,0
2,1064,229,7,3,3,11,0,0
2,1065,203,13,6,8,19,0,0
2,1066,212,5,3,3,11,0,0
2,1067,229,7,3,3,11,0,0
2,1068,263,8,3,3,11,0,0
2,1069,289,11,6,7,22,0,0
2,1070,229,7,3,3,11,0,0
2,1071,280,5,3,3,9,0,0
2,1072,236,15,9,9,22,0,0
2,1073,242,9,4,4,10,0,0
2,1074,254,8,3,3,10,0,0
2,1075,261,12,8,9,22,0,0
2,1076,266,16,9,10,29,0,0
2,1077,298,16,8,8,21,0,0
2,1078,242,9,4,4,10,0,0
2,1079,276,12,5,5,18,0,0
2,1080,217,6,1,1,3,0,0
2,1081,276,12,5,5,18,0,0
2,1082,217,6,1,1,3,0,0
2,1083,276,12,5,5,18,0,0
2,1084,217,6,1,1,3,0,0
2,1085,276,12,5,5,18,0,0
2,1086,294,4,1,1,2,0,0
2,1087,294,4,1,1,2,0,0
2,1088,252,7,5,5,13,0,0
2,1089,247,5,2,3,8,0,0
2,1090,212,5,3,4,14,0,0
2,1091,219,14,7,7,21,0,0
2,1092,261,13,8,9,22,0,0
2,1093,289,11,7,8,26,0,0
2,1094,202,6,3,3,12,0,0
2,1095,219,14,7,7,21,0,0
2,1096,247,6,2,3,8,0,0
2,1097,261,13,8,9,22,0,0
2,1098,202,6,3,3,12,0,0
2,1099,238,7,3,3,5,0,0
2,1100,247,6,2,3,8,0,0
2,1101,202,6,3,3,12,0,0
2,1102,212,6,3,4,14,0,0
2,1103,245,3,1,1,3,0,0
2,1104,247,6,2,3,8,0,0
2,1105,283,12,8,12,26,0,0
2,1106,289,12,7,8,26,0,0
2,1107,202,6,3,3,12,0,0
2,1108,212,6,3,4,14,0,0
2,1109,231,16,7,7,14,0,0
2,1110,245,3,1,1,3,0,0
2,1111,289,12,7,8,26,0,0
2,1112,202,6,3,3,12,0,0
2,1113,212,6,3,4,14,0,0
2,1114,245,3,1,1,3,0,0
2,1115,289,12,7,8,26,0,0
2,1116,212,6,3,4,14,0,0
2,1117,245,3,1,1,3,0,0
2,1118,266,16,9,10,29,0,0
2,1119,289,12,7,8,26,0,0
2,1120,245,3,1,1,3,0,0
2,1121,266,16,9,10,29,0,0
2,1122,276,13,6,6,20,0,0
2,1123,276,13,6,6,20,0,0
2,1124,215,7,4,4,7,0,0
2,1125,203,14,7,9,23,0,0
2,1126,211,15,6,8,23,0,0
2,1127,253,6,3,4,12,0,0
2,1128,282,10,6,6,15,0,0
2,1129,296,7,2,2,4,0,0
2,1130,282,10,6,6,15,0,0
2,1131,282,10,6,6,15,0,0
2,1132,282,10,6,6,15,0,0
2,1133,201,10,5,5,15,0,0
2,1134,201,10,5,5,15,0,0
2,1135,214,8,5,5,10,0,0
2,1136,277,7,5,5,18,0,0
2,1137,220,8,4,6,12,0,0
2,1138,221,9,4,4,11,0,0
2,1139,221,9,4,4,11,0,0
2,1140,221,9,4,4,11,0,0
2,1141,271,14,7,7,15,0,0
2,1142,206,8,5,6,18,0,0
2,1143,287,4,3,3,7,0,0
2,1144,246,10,5,8,19,0,0
2,1145,246,10,5,8,19,0,0
2,1146,246,10,5,8,19,0,0
2,1147,246,10,5,8,19,0,0
2,1148,244,14,7,7,15,0,0
2,1149,246,10,5,8,19,0,0
2,1150,244,14,7,7,15,0,0
2,1151,205,5,2,2,5,0,0
2,1152,281,7,4,4,8,0,0
2,1153,237,7,4,4,13,0,0
2,1154,286,13,9,9,21,0,0
2,1155,250,16,8,10,24,0,0
2,1156,262,7,2,3,9,0,0
2,1157,285,15,7,8,20,0,0
2,1158,262,7,2,3,9,0,0
2,1159,224,9,3,5,11,0,0
2,1160,229,7,4,4,14,0,0
2,1161,286,14,10,10,22,0,0
2,1162,291,12,7,8,19,0,0
2,1163,231,17,8,8,17,0,0
2,1164,261,14,9,10,25,0,0
2,1165,266,18,10,11,33,0,0
2,1166,298,18,8,8,21,0,0
2,1167,243,9,5,5,13,0,0
2,1168,298,18,8,8,21,0,0
2,1169,283,15,9,13,30,0,0
2,1170,298,18,8,8,21,0,0
2,1171,269,7,5,6,18,0,0
2,1172,269,7,5,6,18,0,0
2,1173,219,15,8,8,24,0,0
2,1174,219,15,8,8,24,0,0
2,1175,293,17,11,11,25,0,0
2,1176,293,17,11,11,25,0,0
2,1177,293,17,11,11,25,0,0
2,1178,293,17,11,11,25,0,0
2,1179,209,10,3,4,14,0,0
2,1180,209,10,3,4,14,0,0
2,1181,239,11,6,8,23,0,0
2,1182,255,11,6,6,12,0,0
2,1183,291,13,8,9,22,0,0
2,1184,209,10,3,4,14,0,0
2,1185,239,11,6,8,23,0,0
2,1186,255,11,6,6,12,0,0
2,1187,209,10,3,4,14,0,0
2,1188,216,9,3,3,9,0,0
2,1189,236,18,10,10,23,0,0
2,1190,253,6,3,4,12,0,0
2,1191,288,8,4,4,13,0,0
2,1192,205,6,3,3,6,0,0
2,1193,205,6,3,3,6,0,0
2,1194,293,17,12,12,28,0,0
2,1195,253,6,4,5,15,0,0
2,1196,265,16,6,6,18,0,0
2,1197,288,8,4,4,13,0,0
2,1198,265,16,6,6,18,0,0
2,1199,238,8,4,4,7,0,0
2,1200,293,18,12,12,28,0,0
2,1201,253,7,4,5,15,0,0
2,1202,293,18,12,12,28,0,0
2,1203,277,8,6,6,20,0,0
2,1204,240,7,3,3,8,0,0
2,1205,222,14,5,5,10,0,0
2,1206,240,7,3,3,8,0,0
2,1207,268,14,8,9,27,0,0
2,1208,228,15,7,7,20,0,0
2,1209,200,4,2,2,5,0,0
2,1210,235,7,4,4,11,0,0
2,1211,200,4,2,2,5,0,0
2,1212,217,7,2,2,7,0,0
2,1213,217,7,2,2,7,0,0
2,1214,246,11,6,9,23,0,0
2,1215,246,11,6,9,23,0,0
2,1216,246,11,6,9,23,0,0
2,1217,264,14,6,6,11,0,0
2,1218,286,15,11,11,25,0,0
2,1219,264,14,6,6,11,0,0
2,1220,286,15,11,11,25,0,0
2,1221,286,15,11,11,25,0,0
2,1222,284,13,6,8,19,0,0
2,1223,237,7,5,5,16,0,0
2,1224,246,12,7,10,26,0,0
2,1225,260,5,2,2,5,0,0
2,1226,246,12,7,10,26,0,0
2,1227,260,5,2,2,5,0,0
2,1228,260,5,2,2,5,0,0
2,1229,260,5,2,2,5,0,0
2,1230,260,5,2,2,5,0,0
2,1231,260,5,2,2,5,0,0
2,1232,204,8,3,4,11,0,0
2,1233,212,7,4,5,16,0,0
2,1234,234,10,4,4,12,0,0
2,1235,244,15,8,8,19,0,0
2,1236,251,10,5,5,13,0,0
2,1237,253,7,5,6,17,0,0
2,1238,212,7,4,5,16,0,0
2,1239,244,15,8,8,19,0,0
2,1240,244,15,8,8,19,0,0
2,1241,247,7,3,4,12,0,0
2,1242,235,8,5,5,15,0,0
2,1243,247,7,3,4,12,0,0
2,1244,235,8,5,5,15,0,0
2,1245,247,7,3,4,12,0,0
2,1246,235,8,5,5,15,0,0
2,1247,235,8,5,5,15,0,0
2,1248,201,11,6,6,19,0,0
2,1249,201,11,6,6,19,0,0
2,1250,201,11,6,6,19,0,0
2,1251,201,11,6,6,19,0,0
2,1252,204,8,4,5,12,0,0
2,1253,234,10,4,4,12,0,0
2,1254,234,10,4,4,12,0,0
2,1255,227,8,3,3,11,0,0
2,1256,227,8,3,3,11,0,0
2,1257,227,8,3,3,11,0,0
2,1258,227,8,3,3,11,0,0
2,1259,227,8,3,3,11,0,0
2,1260,263,9,4,4,13,0,0
2,1261,291,14,9,10,24,0,0
2,1262,221,10,5,5,13,0,0
2,1263,221,10,5,5,13,0,0
2,1264,261,15,10,11,28,0,0
2,1265,272,13,6,7,18,0,0
2,1266,261,15,10,11,28,0,0
2,1267,272,13,6,7,18,0,0
2,1268,275,11,5,5,14,0,0
2,1269,281,8,5,5,9,0,0
2,1270,281,8,5,5,9,0,0
2,1271,239,12,7,9,24,0,0
2,1272,203,15,7,9,23,0,0
2,1273,225,16,8,11,35,0,0
2,1274,239,12,7,9,24,0,0
2,1275,290,14,8,8,19,0,0
2,1276,271,15,8,8,19,0,0
2,1277,272,13,6,7,18,0,0
2,1278,280,8,4,4,10,0,0
2,1279,224,10,4,6,15,0,0
2,1280,280,8,4,4,10,0,0
2,1281,224,10,4,6,15,0,0
2,1282,280,8,4,4,10,0,0
2,1283,295,7,4,4,14,0,0
2,1284,295,7,4,4,14,0,0
2,1285,280,9,4,4,10,0,0
2,1286,226,17,10,11,25,0,0
2,1287,249,19,7,8,21,0,0
2,1288,297,9,5,6,15,0,0
2,1289,224,11,5,7,19,0,0
2,1290,291,15,10,11,25,0,0
2,1291,224,11,5,7,19,0,0
2,1292,265,17,7,7,21,0,0
2,1293,291,15,10,11,25,0,0
2,1294,272,14,6,7,18,0,0
2,1295,268,15,8,9,27,0,0
2,1296,284,14,7,9,22,0,0
2,1297,268,15,8,9,27,0,0
2,1298,268,15,8,9,27,0,0
2,1299,268,15,8,9,27,0,0
2,1300,218,8,4,5,15,0,0
2,1301,235,9,6,6,18,0,0
2,1302,200,5,3,3,8,0,0
2,1303,235,9,6,6,18,0,0
2,1304,200,5,3,3,8,0,0
2,1305,200,5,3,3,8,0,0
2,1306,270,6,4,4,11,0,0
2,1307,297,9,5,6,15,0,0
2,1308,285,16,8,9,22,0,0
2,1309,285,16,8,9,22,0,0
2,1310,285,16,8,9,22,0,0
2,1311,207,15,9,9,16,0,0
2,1312,226,18,10,11,25,0,0
2,1313,240,8,4,4,10,0,0
2,1314,249,20,8,9,23,0,0
2,1315,250,17,8,10,24,0,0
2,1316,285,16,8,9,22,0,0
2,1317,297,10,6,7,19,0,0
2,1318,252,8,6,6,14,0,0
2,1319,285,16,8,9,22,0,0
2,1320,222,15,6,6,14,0,0
2,1321,222,15,6,6,14,0,0
2,1322,267,9,4,4,10,0,0
2,1323,222,15,6,6,14,0,0
2,1324,207,15,9,9,16,0,0
2,1325,249,20,9,10,25,0,0
2,1326,297,10,6,7,19,0,0
2,1327,207,15,9,9,16,0,0
2,1328,241,6,3,3,10,0,0
2,1329,242,10,5,5,11,0,0
2,1330,293,20,13,13,29,0,0
2,1331,244,16,9,9,22,0,0
2,1332,203,15,8,10,27,0,0
2,1333,219,16,9,9,26,0,0
2,1334,244,16,9,9,22,0,0
2,1335,289,14,8,9,28,0,0
2,1336,246,13,8,11,28,0,0
2,1337,293,20,14,14,33,0,0
2,1338,203,16,8,10,27,0,0
2,1339,224,12,6,8,23,0,0
2,1340,246,13,8,11,28,0,0
2,1341,293,21,14,14,33,0,0
2,1342,293,21,14,14,33,0,0
2,1343,204,9,4,5,12,0,0
2,1344,251,11,6,6,17,0,0
2,1345,210,10,7,8,15,0,0
2,1346,258,7,5,5,19,0,0
2,1347,295,8,5,5,17,0,0
2,1348,272,15,7,8,21,0,0
2,1349,272,15,7,8,21,0,0
2,1350,208,8,3,3,11,0,0
2,1351,225,17,9,12,38,0,0
2,1352,229,9,4,5,17,0,0
2,1353,236,19,11,11,24,0,0
2,1354,275,12,6,6,18,0,0
2,1355,283,17,10,14,33,0,0
2,1356,289,14,9,10,32,0,0
2,1357,236,19,11,11,24,0,0
2,1358,275,12,6,6,18,0,0
2,1359,207,15,10,10,19,0,0
2,1360,236,19,11,11,24,0,0
2,1361,240,9,5,5,12,0,0
2,1362,290,15,8,8,19,0,0
2,1363,226,19,11,12,29,0,0
2,1364,290,15,8,8,19,0,0
2,1365,226,19,11,12,29,0,0
2,1366,290,15,8,8,19,0,0
2,1367,290,15,8,8,19,0,0
2,1368,290,15,8,8,19,0,0
2,1369,211,16,6,8,23,0,0
2,1370,284,15,8,10,25,0,0
2,1371,284,15,8,10,25,0,0
2,1372,284,15,8,10,25,0,0
2,1373,284,15,8,10,25,0,0
2,1374,234,11,5,5,13,0,0
2,1375,293,22,15,15,34,0,0
2,1376,271,16,9,9,23,0,0
2,1377,271,16,9,9,23,0,0
2,1378,207,16,10,10,19,0,0
2,1379,271,16,9,9,23,0,0
2,1380,207,16,10,10,19,0,0
2,1381,271,16,9,9,23,0,0
2,1382,210,11,7,8,15,0,0
2,1383,271,16,9,9,23,0,0
2,1384,254,11,4,4,11,0,0
2,1385,271,16,9,9,23,0,0
2,1386,295,9,6,6,20,0,0
2,1387,295,9,6,6,20,0,0
2,1388,295,9,6,6,20,0,0
2,1389,203,17,9,11,30,0,0
2,1390,268,18,9,10,31,0,0
2,1391,237,10,5,6,18,0,0
2,1392,268,18,9,10,31,0,0
2,1393,237,10,5,6,18,0,0
2,1394,237,10,5,6,18,0,0
2,1395,237,10,5,6,18,0,0
2,1396,237,10,5,6,18,0,0
2,1397,236,19,12,12,27,0,0
2,1398,278,11,4,4,9,0,0
2,1399,272,16,8,9,25,0,0
2,1400,272,16,8,9,25,0,0
2,1401,272,16,8,9,25,0,0
2,1402,284,16,9,11,28,0,0
2,1403,242,11,6,6,14,0,0
2,1404,289,16,9,10,32,0,0
2,1405,289,16,9,10,32,0,0
2,1406,265,18,8,8,23,0,0
2,1407,265,18,8,8,23,0,0
2,1408,226,19,12,13,32,0,0
2,1409,231,18,8,8,17,0,0
2,1410,265,18,8,8,23,0,0
2,1411,297,11,7,8,21,0,0
2,1412,233,5,2,2,7,0,0
2,1413,265,18,8,8,23,0,0
2,1414,297,11,7,8,21,0,0
2,1415,249,21,9,11,27,0,0
2,1416,258,8,6,6,22,0,0
2,1417,258,8,6,6,22,0,0
2,1418,258,8,6,6,22,0,0
2,1419,208,9,4,4,14,0,0
2,1420,276,16,7,7,23,0,0
2,1421,239,15,8,10,25,0,0
2,1422,276,16,7,7,23,0,0
2,1423,239,15,8,10,25,0,0
2,1424,276,16,7,7,23,0,0
2,1425,222,17,7,7,17,0,0
2,1426,239,15,8,10,25,0,0
2,1427,222,17,7,7,17,0,0
2,1428,222,17,7,7,17,0,0
2,1429,267,10,5,5,14,0,0
2,1430,283,18,11,15,37,0,0
2,1431,267,10,5,5,14,0,0
2,1432,225,19,10,13,41,0,0
2,1433,267,10,5,5,14,0,0
2,1434,225,19,10,13,41,0,0
2,1435,225,19,10,13,41,0,0
2,1436,210,12,8,9,19,0,0
2,1437,258,9,7,7,26,0,0
2,1438,271,17,10,10,26,0,0
2,1439,271,17,10,10,26,0,0
2,1440,271,17,10,10,26,0,0
2,1441,226,20,12,13,32,0,0
2,1442,240,10,6,6,13,0,0
2,1443,297,12,8,9,23,0,0
2,1444,226,20,12,13,32,0,0
2,1445,240,10,6,6,13,0,0
2,1446,297,12,8,9,23,0,0
2,1447,253,8,5,7,19,0,0
2,1448,239,17,9,11,29,0,0
2,1449,253,8,5,7,19,0,0
2,1450,253,8,5,7,19,0,0
2,1451,250,18,9,11,28,0,0
2,1452,219,17,10,10,30,0,0
2,1453,289,17,10,11,33,0,0
2,1454,203,18,10,12,33,0,0
2,1455,219,17,10,10,30,0,0
2,1456,289,17,10,11,33,0,0
2,1457,268,20,10,11,35,0,0
2,1458,240,12,6,6,13,0,0
2,1459,226,20,12,13,32,0,0
2,1460,240,12,6,6,13,0,0
2,1461,297,12,9,10,27,0,0
2,1462,226,20,12,13,32,0,0
2,1463,240,12,6,6,13,0,0
2,1464,285,18,9,10,24,0,0
2,1465,226,20,12,13,32,0,0
2,1466,285,18,9,10,24,0,0
2,1467,241,7,4,4,11,0,0
2,1468,241,7,4,4,11,0,0
2,1469,241,7,4,4,11,0,0
2,1470,219,17,10,10,30,0,0
2,1471,241,7,4,4,11,0,0
2,1472,219,17,10,10,30,0,0
2,1473,241,7,4,4,11,0,0
2,1474,248,10,4,4,9,0,0
2,1475,258,9,7,7,26,0,0
2,1476,289,18,11,12,37,0,0
2,1477,219,17,10,10,30,0,0
2,1478,227,9,4,4,15,0,0
2,1479,236,20,12,13,28,0,0
2,1480,252,9,7,7,15,0,0
2,1481,236,20,12,13,28,0,0
2,1482,236,20,12,13,28,0,0
2,1483,297,14,9,10,27,0,0
2,1484,297,14,9,10,27,0,0
2,1485,272,17,9,10,27,0,0
2,1486,297,15,10,11,29,0,0
2,1487,297,15,10,11,29,0,0
2,1488,206,10,5,6,18,0,0
2,1489,206,10,5,6,18,0,0
2,1490,206,10,5,6,18,0,0
2,1491,225,21,11,14,42,0,0
2,1492,225,21,11,14,42,0,0
2,1493,249,22,10,12,28,0,0
2,1494,203,19,11,13,36,0,0
2,1495,289,19,11,12,37,0,0
2,1496,272,18,10,11,31,0,0
2,1497,265,20,9,9,26,0,0
2,1498,265,20,9,9,26,0,0
2,1499,265,20,9,9,26,0,0
2,1500,261,17,11,12,31,0,0
2,1501,266,19,11,12,36,0,0
2,1502,298,19,9,9,24,0,0
2,1503,289,19,11,12,37,0,0
2,1504,283,21,12,16,39,0,0
2,1505,211,17,7,9,27,0,0
2,1506,283,21,12,16,39,0,0
2,1507,286,20,12,12,29,0,0
2,1508,286,20,12,12,29,0,0
2,1509,294,5,2,2,3,0,0
2,1510,294,5,2,2,3,0,0
2,1511,290,18,9,9,23,0,0
2,1512,294,5,2,2,3,0,0
2,1513,248,10,5,5,13,0,0
2,1514,290,18,9,9,23,0,0
2,1515,248,11,5,5,13,0,0
2,1516,266,19,12,13,40,0,0
2,1517,298,19,10,10,28,0,0
2,1518,248,11,5,5,13,0,0
2,1519,232,8,2,2,4,0,0
2,1520,245,4,2,2,5,0,0
2,1521,248,11,5,5,13,0,0
2,1522,252,9,7,7,15,0,0
2,1523,298,19,10,11,32,0,0
2,1524,266,20,12,13,40,0,0
2,1525,203,20,12,14,40,0,0
2,1526,289,20,12,13,38,0,0
2,1527,225,22,12,15,43,0,0
2,1528,225,22,12,15,43,0,0
2,1529,225,22,12,15,43,0,0
2,1530,290,19,10,10,27,0,0
2,1531,290,19,10,10,27,0,0
2,1532,290,19,10,10,27,0,0
2,1533,290,19,10,10,27,0,0
2,1534,233,6,3,3,8,0,0
2,1535,285,20,10,11,26,0,0
2,1536,206,11,6,7,22,0,0
2,1537,206,11,6,7,22,0,0
2,1538,219,19,11,11,34,0,0
2,1539,290,20,10,10,27,0,0
2,1540,219,19,11,11,34,0,0
2,1541,232,8,2,2,4,0,0
2,1542,245,4,3,3,7,0,0
2,1543,215,8,5,5,8,0,0
2,1544,224,13,7,9,27,0,0
2,1545,228,17,8,8,21,0,0
2,1546,246,15,9,12,30,0,0
2,1547,292,3,1,1,4,0,0
2,1548,292,3,1,1,4,0,0
2,1549,209,11,4,5,15,0,0
2,1550,262,8,3,4,13,0,0
2,1551,273,9,4,4,15,0,0
2,1552,279,12,4,5,12,0,0
2,1553,292,3,1,1,4,0,0
2,1554,256,4,3,3,8,0,0
2,1555,254,12,5,5,15,0,0
2,1556,256,4,3,3,8,0,0
2,1557,202,8,4,4,15,0,0
2,1558,215,8,5,5,8,0,0
2,1559,224,13,8,10,30,0,0
2,1560,246,15,10,13,34,0,0
2,1561,273,10,4,4,15,0,0
2,1562,278,12,5,5,13,0,0
2,1563,215,8,5,5,8,0,0
2,1564,228,18,9,9,25,0,0
2,1565,261,18,12,13,34,0,0
2,1566,266,22,13,14,43,0,0
2,1567,272,19,11,12,32,0,0
2,1568,276,17,8,8,27,1,0
2,1569,298,21,10,11,32,0,0
2,1570,245,4,3,4,9,0,0
2,1571,229,10,5,6,18,0,0
2,1572,245,4,3,5,10,0,0
2,1573,267,11,6,6,16,0,0
2,1574,229,10,5,6,18,0,0
2,1575,245,5,3,5,10,0,0
2,1576,261,18,12,13,34,0,0
2,1577,266,22,13,14,43,0,0
2,1578,296,8,3,3,8,0,0
2,1579,298,21,10,11,32,0,0
2,1580,261,18,12,13,34,0,0
2,1581,266,22,13,14,43,0,0
2,1582,271,21,11,11,30,0,0
2,1583,286,21,13,13,32,0,0
2,1584,233,7,4,4,9,0,0
2,1585,286,21,13,13,32,0,0
2,1586,233,7,4,4,9,0,0
2,1587,271,21,11,11,30,0,0
2,1588,293,23,16,16,36,0,0
2,1589,298,21,11,12,34,0,0
2,1590,233,7,4,4,9,0,0
2,1591,271,21,11,11,30,0,0
2,1592,293,23,16,16,36,0,0
2,1593,293,23,16,16,36,0,0
2,1594,293,23,16,16,36,0,0
2,1595,298,21,11,13,38,0,0
2,1596,209,11,5,6,19,0,0
2,1597,214,10,6,6,12,0,0
2,1598,220,12,5,7,13,0,0
2,1599,279,12,5,6,16,0,0
2,1600,298,22,11,13,38,0,0
2,1601,214,10,6,6,12,0,0
2,1602,283,23,13,17,42,0,0
2,1603,209,12,5,6,19,0,0
2,1604,209,12,5,6,19,0,0
2,1605,284,17,10,12,30,0,0
2,1606,284,17,11,13,31,0,0
2,1607,284,18,11,13,31,0,0
2,1608,212,8,5,6,18,0,0
2,1609,255,13,7,7,15,0,0
2,1610,268,21,11,12,38,0,0
2,1611,282,12,7,7,19,0,0
2,1612,275,13,7,7,22,0,0
2,1613,275,13,7,7,22,0,0
2,1614,220,12,6,8,14,0,0
2,1615,239,18,10,12,31,0,0
2,1616,275,13,7,7,22,0,0
2,1617,279,12,5,7,20,0,0
2,1618,243,13,6,6,14,0,0
2,1619,279,13,5,7,20,0,0
2,1620,291,18,11,12,26,0,0
2,1621,215,9,6,6,12,0,0
2,1622,215,9,6,6,12,0,0
2,1623,277,12,7,7,21,0,0
2,1624,277,12,7,7,21,0,0
2,1625,240,13,7,7,16,0,0
2,1626,243,13,7,7,18,0,0
2,1627,277,12,7,7,21,0,0
2,1628,240,13,7,7,16,0,0
2,1629,277,12,7,7,21,0,0
2,1630,243,14,7,7,18,0,0
2,1631,202,8,4,4,15,0,0
2,1632,208,10,5,5,16,0,0
2,1633,214,11,7,7,16,0,0
2,1634,240,13,8,8,19,0,0
2,1635,207,19,11,11,21,0,0
2,1636,208,10,5,5,16,0,0
2,1637,222,20,8,8,21,0,0
2,1638,268,21,12,13,42,0,0
2,1639,286,22,14,14,35,0,0
2,1640,226,21,13,14,34,0,0
2,1641,226,21,13,14,34,0,0
2,1642,244,17,10,10,25,0,0
2,1643,244,17,10,10,25,0,0
2,1644,244,17,10,10,25,0,0
2,1645,244,17,10,10,25,0,0
2,1646,244,17,10,10,25,0,0
2,1647,205,7,4,4,7,0,0
2,1648,287,5,4,4,9,0,0
2,1649,247,8,4,5,15,0,0
2,1650,247,8,4,5,15,0,0
2,1651,247,8,4,5,15,0,0
2,1652,214,11,8,8,18,0,0
2,1653,202,9,5,5,18,0,0
2,1654,291,19,12,13,30,0,0
2,1655,272,20,12,13,36,0,0
2,1656,240,16,8,8,19,0,0
2,1657,282,13,7,7,19,0,0
2,1658,201,12,7,7,22,0,0
2,1659,239,18,11,13,32,0,0
2,1660,249,24,11,13,31,0,0
2,1661,297,16,11,12,31,0,0
2,1662,207,19,12,12,25,0,0
2,1663,222,20,8,8,21,0,0
2,1664,225,23,13,16,45,0,0
2,1665,280,11,5,5,12,0,0
2,1666,222,20,8,8,21,0,0
2,1667,224,16,8,11,33,0,0
2,1668,224,16,8,11,33,0,0
2,1669,246,18,10,14,36,0,0
2,1670,201,12,7,7,22,0,0
2,1671,246,18,10,14,36,0,0
2,1672,278,13,6,6,15,0,0
2,1673,297,16,11,12,31,0,0
2,1674,201,12,7,7,22,0,0
2,1675,246,18,10,14,36,0,0
2,1676,278,13,6,6,15,0,0
2,1677,297,16,11,12,31,0,0
2,1678,246,18,10,14,36,0,0
2,1679,246,18,10,14,36,0,0
2,1680,207,20,12,12,25,0,0
2,1681,225,23,14,17,47,0,0
2,1682,235,11,7,7,22,0,0
2,1683,280,11,6,6,15,0,0
2,1684,211,18,7,9,27,0,0
2,1685,218,9,5,6,18,0,0
2,1686,247,9,5,6,19,0,0
2,1687,284,19,12,14,32,0,0
2,1688,225,24,14,17,47,0,0
2,1689,253,9,6,8,21,0,0
2,1690,286,23,15,15,39,0,0
2,1691,291,20,13,14,34,0,0
2,1692,286,23,15,15,39,0,0
2,1693,201,12,7,7,22,0,0
2,1694,220,12,6,9,15,0,0
2,1695,253,9,7,9,24,0,0
2,1696,290,21,11,11,29,0,0
2,1697,203,22,12,14,40,0,0
2,1698,203,22,12,14,40,0,0
2,1699,253,10,7,9,24,0,0
2,1700,203,22,12,14,40,0,0
2,1701,253,10,7,9,24,0,0
2,1702,203,22,12,14,40,0,0
2,1703,253,10,7,9,24,0,0
2,1704,203,22,12,14,40,0,0
2,1705,284,20,12,14,32,0,0
2,1706,202,10,6,6,21,0,0
2,1707,284,20,12,14,32,0,0
2,1708,213,5,3,3,9,0,0
2,1709,295,10,7,7,24,0,0
2,1710,292,4,2,2,7,0,0
2,1711,254,13,6,6,19,0,0
2,1712,244,18,11,11,28,0,0
2,1713,222,21,9,9,24,0,0
2,1714,244,18,11,11,28,0,0
2,1715,222,21,9,9,24,0,0
2,1716,227,10,5,5,18,2,0
2,1717,244,18,11,11,28,0,0
2,1718,252,10,8,8,19,0,0
2,1719,275,14,8,8,25,0,0
2,1720,275,14,8,8,25,0,0
2,1721,275,14,8,8,25,0,0
2,1722,291,21,14,15,37,0,0
2,1723,291,21,14,15,37,0,0
2,1724,263,10,5,5,16,0,0
2,1725,293,24,17,17,39,0,0
2,1726,216,10,4,4,11,0,0
2,1727,244,19,12,12,30,0,0
2,1728,201,12,8,8,26,0,0
2,1729,290,21,11,11,29,0,0
2,1730,218,9,5,6,18,0,0
2,1731,247,9,6,7,22,0,0
2,1732,235,12,8,8,25,0,0
2,1733,235,12,8,8,25,0,0
2,1734,235,12,8,8,25,0,0
2,1735,246,20,11,15,38,0,0
2,1736,235,12,8,8,25,0,0
2,1737,246,20,11,15,38,0,0
2,1738,235,12,8,8,25,0,0
2,1739,256,5,4,4,10,0,0
2,1740,290,21,12,12,31,0,0
2,1741,203,22,13,15,43,0,0
2,1742,289,21,13,14,41,0,0
2,1743,228,20,10,10,28,0,0
2,1744,274,8,3,3,7,0,0
2,1745,290,21,12,13,32,0,0
2,1746,296,9,4,4,11,0,0
2,1747,274,8,3,3,7,0,0
2,1748,274,8,3,3,7,0,0
2,1749,274,8,3,3,7,0,0
2,1750,290,22,12,13,32,0,0
2,1751,290,22,12,13,32,0,0
2,1752,215,10,7,7,15,0,0
2,1753,228,21,10,10,28,0,0
2,1754,214,11,8,9,20,0,0
2,1755,282,13,8,8,23,0,0
2,1756,297,17,12,13,35,0,0
2,1757,219,21,12,12,37,0,0
2,1758,232,9,3,3,8,0,0
2,1759,297,17,13,14,39,0,0
2,1760,232,9,3,3,8,0,0
2,1761,291,22,15,16,38,0,0
2,1762,284,21,13,15,33,0,0
2,1763,290,23,13,14,33,0,0
2,1764,269,10,6,7,20,0,0
2,1765,284,21,13,15,33,0,0
2,1766,290,23,13,14,33,0,0
2,1767,284,21,13,15,33,0,0
2,1768,284,21,13,15,33,0,0
2,1769,254,14,7,7,23,0,0
2,1770,275,15,9,9,29,0,0
2,1771,284,21,13,15,33,0,0
2,1772,254,14,7,7,23,0,0
2,1773,284,21,13,15,33,0,0
2,1774,291,23,16,17,39,0,0
2,1775,221,12,6,6,17,0,0
2,1776,269,10,6,7,20,0,0
2,1777,210,13,9,10,23,0,0
2,1778,213,5,3,3,9,0,0
2,1779,248,12,6,6,17,0,0
2,1780,258,10,8,8,28,0,0
2,1781,259,11,6,9,24,0,0
2,1782,295,11,8,8,28,0,0
2,1783,295,11,8,8,28,0,0
2,1784,295,11,8,8,28,0,0
2,1785,295,11,8,8,28,0,0
2,1786,204,10,4,5,12,0,0
2,1787,211,19,8,10,31,0,0
2,1788,250,19,10,12,32,0,0
2,1789,251,12,7,7,19,0,0
2,1790,260,6,3,3,9,0,0
2,1791,285,21,11,12,30,0,0
2,1792,211,19,8,10,31,0,0
2,1793,203,23,13,16,45,0,0
2,1794,277,13,8,8,22,0,0
2,1795,277,13,8,8,22,0,0
2,1796,292,5,3,3,10,0,0
2,1797,204,10,4,5,12,0,0
2,1798,251,12,8,8,22,0,0
2,1799,260,6,3,3,9,0,0
2,1800,285,21,11,12,30,0,0
2,1801,204,10,4,5,12,0,0
2,1802,234,12,6,6,17,0,0
2,1803,285,21,11,12,30,0,0
2,1804,237,11,6,7,22,0,0
2,1805,247,9,6,8,24,0,0
2,1806,205,8,5,5,8,0,0
2,1807,259,12,6,9,24,0,0
2,1808,264,16,7,7,14,0,0
2,1809,264,16,7,7,14,0,0
2,1810,210,13,9,10,23,0,0
2,1811,248,12,6,6,17,0,0
2,1812,258,10,9,9,30,0,0
2,1813,258,11,9,9,30,0,0
2,1814,268,23,12,14,45,0,0
2,1815,248,12,7,7,21,0,0
2,1816,258,11,9,9,30,0,0
2,1817,268,23,12,14,45,0,0
2,1818,211,20,9,11,35,0,0
2,1819,224,17,9,12,36,0,0
2,1820,284,22,14,16,36,0,0
2,1821,212,9,5,6,18,0,0
2,1822,218,10,6,7,20,0,0
2,1823,282,14,8,8,23,0,0
2,1824,210,14,10,11,27,0,0
2,1825,212,9,5,6,18,0,0
2,1826,213,6,4,4,11,0,0
2,1827,258,11,10,10,33,0,0
2,1828,282,14,8,8,23,0,0
2,1829,230,8,1,1,2,0,0
2,1830,254,15,7,7,23,0,0
2,1831,284,22,15,17,39,0,0
2,1832,257,13,3,3,8,0,0
2,1833,257,13,3,3,8,0,0
2,1834,257,13,3,3,8,0,0
2,1835,209,14,6,7,23,0,0
2,1836,239,20,11,14,36,0,0
2,1837,249,25,12,14,32,0,0
2,1838,262,9,4,5,14,0,0
2,1839,273,11,5,5,17,0,0
2,1840,279,14,6,8,21,0,0
2,1841,278,14,7,7,18,0,0
2,1842,278,14,7,7,18,0,0
2,1843,282,14,8,8,23,0,0
2,1844,279,14,6,8,21,0,0
2,1845,296,10,5,5,15,0,0
2,1846,212,10,6,7,21,0,0
2,1847,225,25,15,18,48,0,0
2,1848,253,11,8,10,27,0,0
2,1849,255,14,8,8,19,0,0
2,1850,265,21,10,10,29,0,0
2,1851,207,23,13,13,29,0,0
2,1852,216,11,5,5,13,0,0
2,1853,265,21,10,10,29,0,0
2,1854,226,23,14,15,37,0,0
2,1855,208,11,6,6,18,0,0
2,1856,272,22,13,14,37,0,0
2,1857,240,19,9,9,22,0,0
2,1858,268,24,13,15,47,0,0
2,1859,242,12,7,7,17,0,0
2,1860,243,16,8,8,20,0,0
2,1861,269,11,7,8,22,0,0
2,1862,289,22,14,15,45,0,0
2,1863,203,24,14,17,47,0,0
2,1864,206,12,7,8,25,0,0
2,1865,257,13,4,4,12,0,0
2,1866,281,9,6,6,10,0,0
2,1867,206,12,7,8,25,0,0
2,1868,248,13,7,8,22,0,0
2,1869,281,9,6,6,10,0,0
2,1870,206,12,7,8,25,0,0
2,1871,212,10,6,7,21,0,0
2,1872,216,11,6,6,15,0,0
2,1873,248,13,7,8,22,0,0
2,1874,253,12,8,10,27,0,0
2,1875,255,14,8,8,19,0,0
2,1876,281,9,6,6,10,0,0
2,1877,285,22,11,12,30,0,0
2,1878,225,26,16,19,52,0,0
2,1879,248,13,7,8,22,0,0
2,1880,253,12,8,10,27,0,0
2,1881,225,26,16,19,52,0,0
2,1882,253,12,8,10,27,0,0
2,1883,209,14,7,8,26,0,0
2,1884,262,9,5,6,18,0,0
2,1885,279,14,7,9,23,0,0
2,1886,290,25,14,15,35,0,0
2,1887,290,25,14,15,35,0,0
2,1888,224,18,10,13,40,0,0
2,1889,246,21,12,16,40,0,0
2,1890,214,13,8,9,20,0,0
2,1891,222,23,10,10,26,0,0
2,1892,269,11,7,8,22,0,0
2,1893,282,15,9,9,27,0,0
2,1894,297,19,13,14,39,0,0
2,1895,214,13,8,9,20,0,0
2,1896,222,23,10,10,26,0,0
2,1897,282,15,9,9,27,0,0
2,1898,220,14,6,10,17,0,0
2,1899,254,15,8,8,24,0,0
2,1900,202,11,7,7,23,0,0
2,1901,254,16,8,8,24,0,0
2,1902,297,20,13,14,39,0,0
2,1903,221,13,7,7,21,0,0
2,1904,234,12,7,7,18,0,0
2,1905,254,16,8,8,24,0,0
2,1906,221,13,7,7,21,0,0
2,1907,221,13,7,7,21,0,0
2,1908,221,13,7,7,21,0,0
2,1909,231,20,9,9,20,0,0
2,1910,261,19,13,14,37,0,0
2,1911,266,23,14,15,44,0,0
2,1912,276,18,9,9,30,1,0
2,1913,298,23,11,13,38,0,0
2,1914,255,14,8,8,19,0,0
2,1915,255,14,8,8,19,0,0
2,1916,203,25,15,18,51,0,0
2,1917,214,13,8,9,20,0,0
2,1918,255,14,8,8,19,0,0
2,1919,282,15,9,9,27,0,0
2,1920,203,25,15,18,51,0,0
2,1921,214,13,8,9,20,0,0
2,1922,282,15,9,9,27,0,0
2,1923,286,24,16,16,40,0,0
2,1924,294,7,3,3,7,0,0
2,1925,284,24,15,18,40,0,0
2,1926,294,7,3,3,7,0,0
2,1927,212,11,7,8,24,0,0
2,1928,216,11,6,7,16,0,0
2,1929,253,12,8,10,27,0,0
2,1930,255,15,8,8,19,0,0
2,1931,206,12,8,9,29,0,0
2,1932,281,9,7,7,14,0,0
2,1933,222,25,11,11,30,0,0
2,1934,257,14,4,5,16,0,0
2,1935,202,11,8,8,27,0,0
2,1936,206,12,8,10,32,0,0
2,1937,222,25,11,11,30,0,0
2,1938,257,14,4,5,16,0,0
2,1939,202,11,8,9,29,0,0
2,1940,215,11,8,8,16,0,0
2,1941,202,11,8,10,31,0,0
2,1942,202,11,8,11,32,0,0
2,1943,238,9,5,5,8,0,0
2,1944,276,19,9,9,30,1,0
2,1945,202,13,8,11,32,0,0
2,1946,222,26,12,12,31,0,0
2,1947,238,9,5,5,8,0,0
2,1948,265,22,11,11,33,0,0
2,1949,276,19,9,9,30,1,0
2,1950,202,13,8,11,32,0,0
2,1951,202,13,8,11,32,0,0
2,1952,206,13,8,10,32,0,0
2,1953,213,7,4,4,11,0,0
2,1954,248,14,8,9,26,0,0
2,1955,258,12,10,11,35,0,0
2,1956,281,10,7,7,14,0,0
2,1957,206,13,8,10,32,0,0
2,1958,281,10,7,7,14,0,0
2,1959,238,9,5,5,8,0,0
2,1960,270,7,5,5,14,0,0
2,1961,238,9,5,5,8,0,0
2,1962,252,11,9,9,22,0,0
2,1963,270,7,5,5,14,0,0
2,1964,219,23,13,13,41,0,0
2,1965,253,12,9,11,28,0,0
2,1966,255,15,9,9,23,0,0
2,1967,270,7,5,5,14,0,0
2,1968,213,7,5,5,15,0,0
2,1969,219,23,13,13,41,0,0
2,1970,257,15,5,6,19,0,0
2,1971,223,5,0,0,0,0,0
2,1972,232,10,4,4,12,0,0
2,1973,281,10,8,8,15,0,0
2,1974,223,5,0,0,0,0,0
2,1975,232,10,4,4,12,0,0
2,1976,287,6,5,5,13,0,0
2,1977,217,8,3,3,11,0,0
2,1978,217,8,3,3,11,0,0
2,1979,273,12,6,6,20,0,0
2,1980,217,8,3,3,11,0,0
2,1981,229,12,6,7,19,0,0
2,1982,273,12,6,6,20,0,0
2,1983,228,22,11,11,31,0,0
2,1984,273,12,6,6,20,0,0
2,1985,207,24,14,14,33,0,0
2,1986,225,27,17,20,55,0,0
2,1987,228,22,11,11,31,0,0
2,1988,207,24,14,14,33,0,0
2,1989,225,27,17,20,55,0,0
2,1990,228,22,11,11,31,0,0
2,1991,236,24,13,14,29,0,0
2,1992,287,6,6,6,15,0,0
2,1993,200,6,4,4,10,0,0
2,1994,207,24,14,14,33,0,0
2,1995,225,27,17,20,55,0,0
2,1996,271,22,12,12,31,0,0
2,1997,200,6,4,4,10,0,0
2,1998,207,24,14,14,33,0,0
2,1999,225,27,17,20,55,0,0
2,2000,271,22,12,12,31,0,0
2,2001,283,24,14,18,45,0,0
2,2002,287,6,6,7,19,0,0
2,2003,217,8,4,4,15,0,0
2,2004,287,7,6,7,19,0,0
2,2005,270,7,6,6,18,0,0
2,2006,217,8,4,5,16,0,0
2,2007,270,8,6,6,18,0,0
2,2008,270,8,6,6,18,0,0
2,2009,217,9,4,5,16,0,0
2,2010,217,9,4,5,16,0,0
2,2011,247,11,6,9,26,0,0
2,2012,250,20,11,13,36,0,0
2,2013,291,24,17,18,40,0,0
2,2014,225,27,17,20,55,0,0
2,2015,250,20,11,13,36,0,0
2,2016,291,24,17,18,40,0,0
2,2017,225,27,17,20,55,0,0
2,2018,250,20,11,13,36,0,0
2,2019,291,24,17,18,40,0,0
2,2020,225,27,17,20,55,0,0
2,2021,250,20,11,13,36,0,0
2,2022,206,14,9,11,35,0,0
2,2023,213,7,5,6,16,0,0
2,2024,257,15,6,7,22,0,0
2,2025,206,14,9,11,35,0,0
2,2026,206,14,9,11,35,0,0
2,2027,261,21,13,14,37,0,0
2,2028,272,23,14,15,40,0,0
2,2029,274,9,4,4,8,0,0
2,2030,276,20,10,10,34,1,0
2,2031,298,24,12,14,42,0,0
2,2032,212,11,8,9,26,0,0
2,2033,281,10,8,9,16,0,0
2,2034,212,12,8,9,26,0,0
2,2035,214,13,8,9,20,0,0
2,2036,243,17,8,8,20,0,0
2,2037,282,15,10,10,29,0,0
2,2038,289,24,15,16,49,0,0
2,2039,203,27,16,19,53,0,0
2,2040,261,21,14,15,41,0,0
2,2041,274,9,4,4,8,0,0
2,2042,298,24,13,15,44,0,0
2,2043,267,12,7,7,20,0,0
2,2044,261,21,14,16,43,0,0
2,2045,266,24,15,16,46,0,0
2,2046,267,12,7,7,20,0,0
2,2047,203,28,17,20,57,0,0
2,2048,266,24,15,16,46,0,0
2,2049,267,12,7,7,20,0,0
2,2050,298,25,13,15,44,0,0
2,2051,203,28,17,20,57,0,0
2,2052,261,21,14,17,45,0,0
2,2053,266,24,15,16,46,0,0
2,2054,298,25,13,15,44,0,0
2,2055,203,28,17,20,57,0,0
2,2056,203,28,17,20,57,0,0
2,2057,266,24,15,16,46,0,0
2,2058,236,25,14,15,33,0,0
2,2059,214,13,9,10,22,0,0
2,2060,236,25,14,15,33,0,0
2,2061,243,17,8,8,20,0,0
2,2062,261,22,14,17,45,0,0
2,2063,282,15,10,11,32,0,0
2,2064,205,9,6,6,9,0,0
2,2065,243,17,8,8,20,0,0
2,2066,205,9,6,6,9,0,0
2,2067,243,17,8,8,20,0,0
2,2068,205,9,6,6,9,0,0
2,2069,214,14,9,10,22,0,0
2,2070,214,14,9,10,22,0,0
2,2071,203,29,18,21,59,0,0
2,2072,214,14,9,10,22,0,0
2,2073,255,16,9,10,27,0,0
2,2074,203,29,18,21,59,0,0
2,2075,203,29,18,21,59,0,0
2,2076,204,11,4,5,12,0,0
2,2077,204,11,4,5,12,0,0
2,2078,204,11,4,5,12,0,0
2,2079,204,11,4,5,12,0,0
2,2080,237,12,7,8,23,0,0
2,2081,280,12,6,7,16,0,0
2,2082,237,12,7,8,23,0,0
2,2083,214,15,10,11,23,0,0
2,2084,237,12,7,8,23,0,0
2,2085,271,23,12,12,31,0,0
2,2086,280,13,6,7,16,0,0
2,2087,271,23,12,12,31,0,0
2,2088,280,13,6,7,16,0,0
2,2089,289,27,16,17,51,0,0
2,2090,240,20,10,10,23,0,0
2,2091,200,6,4,4,10,0,0
2,2092,256,6,5,5,13,0,0
2,2093,200,6,4,4,10,0,0
2,2094,279,15,7,10,24,0,0
2,2095,279,15,7,10,24,0,0
2,2096,238,10,6,6,12,0,0
2,2097,283,25,15,19,49,0,0
2,2098,271,24,13,13,35,0,0
2,2099,286,25,17,17,42,0,0
2,2100,287,7,7,8,21,0,0
2,2101,220,15,7,11,19,0,0
2,2102,228,24,12,12,35,0,0
2,2103,243,17,9,9,23,0,0
2,2104,269,12,8,9,24,0,0
2,2105,238,10,7,7,16,0,0
2,2106,269,12,9,10,26,0,0
2,2107,238,10,7,8,20,0,0
2,2108,280,14,7,8,18,0,0
2,2109,282,16,10,12,33,0,0
2,2110,280,14,7,8,18,0,0
2,2111,238,10,7,9,23,0,0
2,2112,269,13,9,10,26,0,0
2,2113,280,14,7,8,18,0,0
2,2114,238,11,7,9,23,0,0
2,2115,247,12,7,10,27,0,0
2,2116,247,12,7,10,27,0,0
2,2117,218,12,7,8,24,0,0
2,2118,235,13,9,9,29,0,0
2,2119,239,22,11,14,36,0,0
2,2120,247,12,7,10,27,0,0
2,2121,239,22,11,14,36,0,0
2,2122,244,20,13,13,31,0,0
2,2123,221,14,7,7,21,0,0
2,2124,254,18,9,9,27,0,0
2,2125,283,26,16,20,53,0,0
2,2126,291,25,18,19,42,0,0
2,2127,221,14,7,7,21,0,0
2,2128,254,18,9,9,27,0,0
2,2129,283,26,16,20,53,0,0
2,2130,221,14,8,8,25,0,0
2,2131,267,13,8,8,23,0,0
2,2132,221,15,8,8,25,0,0
2,2133,226,25,15,16,41,0,0
2,2134,267,13,8,8,23,0,0
2,2135,267,13,8,8,23,0,0
2,2136,208,12,7,7,21,0,0
2,2137,208,12,7,7,21,0,0
2,2138,222,27,12,12,31,0,0
2,2139,208,12,7,7,21,0,0
2,2140,291,26,19,20,45,0,0
2,2141,208,12,7,7,21,0,0
2,2142,291,26,19,20,45,0,0
2,2143,208,12,7,7,21,0,0
2,2144,228,25,13,13,37,0,0
2,2145,237,13,8,9,26,0,0
2,2146,297,21,14,15,40,0,0
2,2147,237,13,8,9,26,0,0
2,2148,237,13,8,9,26,0,0
2,2149,211,22,10,12,38,0,0
2,2150,284,26,16,19,44,0,0
2,2151,217,10,5,6,17,0,0
2,2152,211,23,11,13,42,0,0
2,2153,211,23,11,13,42,0,0
2,2154,240,21,11,11,27,0,0
2,2155,235,14,10,10,33,0,0
2,2156,240,21,11,11,27,0,0
2,2157,291,27,20,21,47,0,0
2,2158,240,21,11,11,27,0,0
2,2159,291,27,20,21,47,0,0
2,2160,200,7,5,5,14,0,0
2,2161,215,15,9,9,20,0,0
2,2162,264,17,8,8,17,0,0
2,2163,200,7,5,5,14,0,0
2,2164,215,15,9,9,20,0,0
2,2165,264,17,8,8,17,0,0
2,2166,264,17,8,8,17,0,0
2,2167,201,16,8,9,27,0,0
2,2168,243,18,9,9,23,0,0
2,2169,287,8,7,8,21,0,0
2,2170,241,8,5,5,12,0,0
2,2171,243,19,9,9,23,0,0
2,2172,249,27,13,15,35,0,0
2,2173,211,24,12,14,45,0,0
2,2174,211,24,12,14,45,0,0
2,2175,211,24,12,14,45,0,0
2,2176,203,30,19,22,61,0,0
2,2177,290,27,15,16,37,0,0
2,2178,203,30,19,22,61,0,0
2,2179,222,28,13,13,34,0,0
2,2180,231,22,9,9,20,0,0
2,2181,234,13,7,8,22,0,0
2,2182,242,14,8,8,20,0,0
2,2183,251,14,8,8,22,0,0
2,2184,260,7,4,4,11,0,0
2,2185,290,27,15,16,37,0,0
2,2186,222,28,13,13,34,0,0
2,2187,222,28,13,13,34,0,0
2,2188,222,28,13,13,34,0,0
2,2189,228,26,14,14,41,1,0
2,2190,228,26,14,14,41,1,0
2,2191,244,21,14,14,35,0,0
2,2192,228,26,14,14,41,1,0
2,2193,281,11,8,10,17,0,0
2,2194,228,26,14,14,41,1,0
2,2195,281,11,8,10,17,0,0
2,2196,228,26,14,14,41,1,0
2,2197,281,11,8,10,17,0,0
2,2198,228,26,14,14,41,1,0
2,2199,281,11,8,10,17,0,0
2,2200,203,30,20,23,64,0,0
2,2201,203,31,20,23,64,0,0
2,2202,203,31,20,23,64,0,0
2,2203,246,22,13,17,43,0,0
2,2204,289,28,17,18,54,0,0
2,2205,234,13,7,8,22,0,0
2,2206,236,26,15,16,37,0,0
2,2207,242,14,8,8,20,0,0
2,2208,260,7,4,4,11,0,0
2,2209,270,9,7,7,21,0,0
2,2210,293,25,18,18,43,0,0
2,2211,236,26,15,16,37,0,0
2,2212,297,22,15,16,44,0,0
2,2213,236,26,15,16,37,0,0
2,2214,240,22,12,12,31,0,0
2,2215,236,26,15,16,37,0,0
2,2216,290,28,16,17,41,0,0
2,2217,221,17,9,9,29,0,0
2,2218,290,28,16,17,41,0,0
2,2219,221,17,9,9,29,0,0
2,2220,290,28,16,17,41,0,0
2,2221,221,17,9,9,29,0,0
2,2222,244,22,15,15,36,0,0
2,2223,219,25,14,14,44,0,0
2,2224,244,22,15,15,36,0,0
2,2225,202,14,8,11,32,0,0
2,2226,202,14,8,11,32,0,0
2,2227,291,28,21,22,48,0,0
2,2228,202,14,8,11,32,0,0
2,2229,202,14,8,11,32,0,0
2,2230,202,14,8,11,32,0,0
2,2231,202,14,8,11,32,0,0
2,2232,202,14,8,11,32,0,0
2,2233,202,14,8,11,32,0,0
2,2234,229,13,7,8,22,0,0
2,2235,240,23,13,13,32,0,0
2,2236,275,17,10,10,32,0,0
2,2237,256,7,6,6,16,0,0
2,2238,211,25,13,15,47,0,0
2,2239,270,9,7,7,21,0,0
2,2240,293,25,19,19,46,0,0
2,2241,270,9,7,7,21,0,0
2,2242,293,25,19,20,49,0,0
2,2243,297,23,16,17,46,0,0
2,2244,270,9,7,7,21,0,0
2,2245,237,14,9,10,29,0,0
2,2246,258,13,11,12,36,0,0
2,2247,293,26,19,20,49,0,0
2,2248,280,15,8,9,19,0,0
2,2249,280,15,8,9,19,0,0
2,2250,295,13,9,9,31,0,0
2,2251,295,13,9,9,31,0,0
2,2252,295,13,9,9,31,0,0
2,2253,226,26,16,17,44,0,0
2,2254,270,9,8,8,24,0,0
2,2255,226,26,16,17,44,0,0
2,2256,226,26,16,17,44,0,0
2,2257,226,26,16,17,44,0,0
2,2258,233,8,5,5,13,0,0
2,2259,240,24,14,14,36,0,0
2,2260,259,14,7,10,27,0,0
2,2261,270,10,8,8,24,0,0
2,2262,296,11,6,6,18,0,0
2,2263,233,8,5,5,13,0,0
2,2264,240,24,14,14,36,0,0
2,2265,259,14,7,10,27,0,0
2,2266,264,18,9,9,20,0,0
2,2267,264,18,9,9,20,0,0
2,2268,203,33,21,24,66,0,0
2,2269,203,33,21,24,66,0,0
2,2270,225,28,18,21,58,0,0
2,2271,233,8,6,6,16,0,0
2,2272,248,15,9,10,30,0,0
2,2273,297,24,17,18,47,0,0
2,2274,233,9,6,6,16,0,0
2,2275,233,9,6,6,16,0,0
2,2276,248,15,10,11,33,0,0
2,2277,233,9,6,6,16,0,0
2,2278,233,9,6,6,16,0,0
2,2279,248,15,10,12,35,0,0
2,2280,233,9,6,6,16,0,0
2,2281,233,9,6,6,16,0,0
2,2282,226,26,17,18,48,0,0
2,2283,239,25,12,15,40,0,0
2,2284,264,19,10,10,23,0,0
2,2285,270,10,8,8,24,0,0
2,2286,264,19,10,10,23,0,0
2,2287,226,27,17,18,48,0,0
2,2288,236,27,16,17,41,0,0
2,2289,236,27,16,17,41,0,0
2,2290,228,27,15,15,43,1,0
2,2291,228,27,15,15,43,1,0
2,2292,269,16,9,10,26,0,0
2,2293,278,16,8,8,22,0,0
2,2294,224,20,11,14,43,0,0
2,2295,284,27,17,20,47,0,0
2,2296,226,27,18,19,52,0,0
2,2297,249,28,14,16,38,0,0
2,2298,270,10,9,9,26,0,0
2,2299,249,28,14,16,38,0,0
2,2300,249,28,14,16,38,0,0
2,2301,226,28,18,19,52,0,0
2,2302,249,28,14,16,38,0,0
2,2303,270,11,9,9,26,0,0
2,2304,226,28,18,19,52,0,0
2,2305,239,26,13,16,44,0,0
2,2306,242,15,9,9,21,0,0
2,2307,249,28,14,16,38,0,0
2,2308,270,11,9,9,26,0,0
2,2309,219,26,15,15,48,0,0
2,2310,219,26,15,15,48,0,0
2,2311,297,25,18,19,48,0,0
2,2312,240,25,15,15,37,0,0
2,2313,297,25,18,19,48,0,0
2,2314,284,27,18,21,50,0,0
2,2315,210,17,11,12,30,0,0
2,2316,289,29,18,19,56,0,0
2,2317,248,17,10,12,35,0,0
2,2318,284,28,18,21,50,0,0
2,2319,248,17,10,12,35,0,0
2,2320,268,27,14,16,49,0,0
2,2321,225,29,19,22,61,0,0
2,2322,248,17,10,12,35,0,0
2,2323,267,14,9,9,27,0,0
2,2324,248,17,10,12,35,0,0
2,2325,239,26,13,16,44,0,0
2,2326,240,26,16,16,38,0,0
2,2327,239,26,13,16,44,0,0
2,2328,240,26,16,16,38,0,0
2,2329,239,26,13,16,44,0,0
2,2330,240,26,16,16,38,0,0
2,2331,239,26,13,16,44,0,0
2,2332,299,13,6,6,12,0,0
2,2333,299,13,6,6,12,0,0
2,2334,267,14,9,9,27,0,0
2,2335,226,28,19,20,55,0,0
2,2336,249,28,15,17,41,0,0
2,2337,297,26,19,20,52,0,0
2,2338,211,26,14,16,49,0,0
2,2339,297,26,19,20,52,0,0
2,2340,226,29,19,20,55,0,0
2,2341,249,29,15,17,41,0,0
2,2342,288,10,4,4,13,0,0
2,2343,288,10,4,4,13,0,0
2,2344,222,30,14,14,38,0,0
2,2345,256,8,7,7,17,0,0
2,2346,222,30,14,14,38,0,0
2,2347,286,27,18,18,45,0,0
2,2348,258,14,12,13,39,0,0
2,2349,224,21,12,15,47,0,0
2,2350,237,15,10,11,31,0,0
2,2351,246,23,14,18,47,0,0
2,2352,232,12,5,5,16,0,0
2,2353,261,23,15,18,47,0,0
2,2354,265,23,12,12,37,0,0
2,2355,272,24,15,16,44,0,0
2,2356,276,21,11,11,37,1,0
2,2357,298,26,14,16,45,0,0
2,2358,225,30,20,23,64,0,0
2,2359,241,9,6,6,16,0,0
2,2360,225,30,20,23,64,0,0
2,2361,241,9,6,6,16,0,0
2,2362,248,18,11,13,37,0,0
2,2363,290,29,17,18,42,0,0
2,2364,250,22,11,13,36,0,0
2,2365,250,22,11,13,36,0,0
2,2366,259,15,8,11,31,0,0
2,2367,259,15,8,11,31,0,0
2,2368,294,9,4,4,9,0,0
2,2369,215,16,9,9,20,0,0
2,2370,237,16,11,12,32,0,0
2,2371,215,16,9,9,20,0,0
2,2372,236,29,17,18,44,0,0
2,2373,219,27,16,16,51,0,0
2,2374,224,21,12,15,47,0,0
2,2375,284,31,19,22,53,0,0
2,2376,284,31,19,22,53,0,0
2,2377,284,31,19,22,53,0,0
2,2378,284,31,19,22,53,0,0
2,2379,285,23,12,13,33,0,0
2,2380,232,12,5,5,16,0,0
2,2381,261,23,15,18,47,0,0
2,2382,271,25,14,14,37,0,0
2,2383,276,21,12,12,40,1,0
2,2384,298,26,14,16,45,0,0
2,2385,232,12,5,5,16,0,0
2,2386,203,34,22,25,68,0,0
2,2387,232,12,5,5,16,0,0
2,2388,276,22,12,12,40,1,0
2,2389,250,23,12,14,40,0,0
2,2390,250,23,12,14,40,0,0
2,2391,212,14,9,10,29,0,0
2,2392,216,13,6,8,20,0,0
2,2393,250,23,12,14,40,0,0
2,2394,253,15,9,12,30,0,0
2,2395,297,27,20,21,53,0,0
2,2396,232,12,6,6,20,0,0
2,2397,271,25,15,15,41,0,0
2,2398,285,23,13,14,37,0,0
2,2399,272,25,16,17,47,0,0
2,2400,232,12,6,7,24,0,0
2,2401,272,25,16,17,47,0,0
2,2402,271,25,15,16,45,0,0
2,2403,283,27,16,20,53,0,0
2,2404,232,13,6,7,24,0,0
2,2405,283,27,16,20,53,0,0
2,2406,206,15,10,12,37,0,0
2,2407,229,14,8,9,26,0,0
2,2408,290,30,18,19,43,0,0
2,2409,206,15,10,12,37,0,0
2,2410,229,14,8,9,26,0,0
2,2411,290,30,18,19,43,0,0
2,2412,206,15,10,12,37,0,0
2,2413,229,14,8,9,26,0,0
2,2414,290,30,18,19,43,0,0
2,2415,206,15,10,12,37,0,0
2,2416,223,6,1,1,3,0,0
2,2417,231,23,10,10,24,0,0
2,2418,271,25,15,17,47,0,0
2,2419,283,27,16,20,53,0,0
2,2420,283,27,16,20,53,0,0
2,2421,289,30,19,20,58,0,0
2,2422,236,30,18,19,47,0,0
2,2423,233,10,7,7,18,0,0
2,2424,219,28,17,17,53,0,0
2,2425,219,28,17,17,53,0,0
2,2426,274,10,5,5,12,0,0
2,2427,262,11,5,7,22,0,0
2,2428,273,13,7,7,22,0,0
2,2429,274,10,5,5,12,0,0
2,2430,274,10,5,5,12,0,0
2,2431,274,10,5,5,12,0,0
2,2432,274,10,5,5,12,0,0
2,2433,202,15,9,12,35,0,0
2,2434,274,10,5,5,12,0,0
2,2435,274,10,5,5,12,0,0
2,2436,274,10,5,5,12,0,0
2,2437,274,10,5,5,12,0,0
2,2438,211,28,15,17,53,0,0
2,2439,211,28,15,17,53,0,0
2,2440,211,28,15,17,53,0,0
2,2441,235,16,11,11,35,0,0
2,2442,214,17,11,12,24,0,0
2,2443,283,27,17,21,57,0,0
2,2444,283,27,17,22,61,0,0
2,2445,257,19,6,7,22,0,0
2,2446,283,28,17,22,61,0,0
2,2447,292,6,4,4,13,0,0
2,2448,256,9,8,8,21,0,0
2,2449,271,26,15,18,48,0,0
2,2450,283,29,18,23,64,0,0
2,2451,263,12,6,6,17,0,0
2,2452,291,29,22,23,51,0,0
2,2453,296,12,7,7,20,0,0
2,2454,296,13,7,7,20,0,0
2,2455,205,11,7,7,12,0,0
2,2456,236,31,19,20,49,0,0
2,2457,236,31,19,20,49,0,0
2,2458,263,12,7,7,21,0,0
2,2459,288,11,5,5,16,0,0
2,2460,288,11,5,5,16,0,0
2,2461,263,13,7,7,21,0,0
2,2462,288,11,5,5,16,0,0
2,2463,233,11,8,8,22,0,0
2,2464,288,11,5,5,16,0,0
2,2465,233,11,8,8,22,0,0
2,2466,286,28,19,19,48,0,0
2,2467,288,11,5,5,16,0,0
2,2468,286,28,19,19,48,0,0
2,2469,286,28,19,19,48,0,0
2,2470,286,28,19,19,48,0,0
2,2471,286,28,19,19,48,0,0
2,2472,227,11,5,5,18,2,0
2,2473,227,11,5,5,18,2,0
2,2474,212,14,9,10,29,0,0
2,2475,240,27,17,17,39,0,0
2,2476,297,28,21,22,55,0,0
2,2477,200,8,6,6,18,0,0
2,2478,218,13,8,9,28,0,0
2,2479,247,13,7,10,27,0,0
2,2480,268,28,15,17,53,0,0
2,2481,209,17,7,9,28,0,0
2,2482,262,11,6,8,25,0,0
2,2483,279,16,8,11,25,0,0
2,2484,218,13,9,10,32,0,0
2,2485,247,13,8,11,31,0,0
2,2486,268,28,15,17,53,0,0
2,2487,275,18,11,11,36,0,0
2,2488,218,14,9,10,32,0,0
2,2489,247,14,8,11,31,0,0
2,2490,209,17,8,10,32,0,0
2,2491,218,14,9,10,32,0,0
2,2492,235,17,12,12,38,0,0
2,2493,239,27,14,17,47,0,0
2,2494,247,14,8,11,31,0,0
2,2495,268,28,16,18,57,0,0
2,2496,279,16,8,11,25,0,0
2,2497,239,27,14,17,47,0,0
2,2498,215,17,10,10,21,0,0
2,2499,240,27,18,18,43,0,0
2,2500,297,28,22,23,56,0,0
2,2501,207,26,15,15,35,0,0
2,2502,211,29,16,18,55,0,0
2,2503,218,14,10,11,34,0,0
2,2504,247,14,8,11,31,0,0
2,2505,299,14,7,7,15,0,0
2,2506,299,14,7,7,15,0,0
2,2507,253,16,9,12,30,0,0
2,2508,202,16,10,13,37,0,0
2,2509,220,16,8,12,21,0,0
2,2510,222,32,15,15,40,0,0
2,2511,243,20,10,10,26,0,0
2,2512,282,19,11,13,36,0,0
2,2513,287,9,8,9,25,0,0
2,2514,239,27,15,18,49,0,0
2,2515,239,28,15,18,49,0,0
2,2516,239,28,15,18,49,0,0
2,2517,214,18,12,13,28,0,0
2,2518,214,18,12,13,28,0,0
2,2519,291,31,23,24,54,1,0
2,2520,293,27,20,21,51,0,0
2,2521,293,27,20,21,51,0,0
2,2522,278,17,9,9,25,0,0
2,2523,278,17,9,9,25,0,0
2,2524,201,17,8,9,27,0,0
2,2525,249,30,16,18,44,0,0
2,2526,252,12,10,10,24,1,0
2,2527,202,17,11,14,39,0,0
2,2528,202,17,11,14,39,0,0
2,2529,202,17,11,14,39,0,0
2,2530,202,17,11,14,39,0,0
2,2531,243,20,10,10,26,0,0
2,2532,282,19,11,13,36,0,0
2,2533,287,9,8,9,25,0,0
2,2534,235,18,13,13,40,0,0
2,2535,240,29,18,18,43,0,0
2,2536,244,24,16,16,38,0,0
2,2537,255,17,10,11,28,0,0
2,2538,263,14,8,8,23,0,0
2,2539,287,9,8,9,25,0,0
2,2540,243,20,11,11,30,0,0
2,2541,282,19,12,14,40,0,0
2,2542,287,9,8,9,25,0,0
2,2543,225,32,21,24,67,0,0
2,2544,287,9,8,9,25,0,0
2,2545,202,18,12,15,40,0,0
2,2546,225,32,21,24,67,0,0
2,2547,243,20,11,12,33,0,0
2,2548,295,15,10,10,34,0,0
2,2549,225,32,21,24,67,0,0
2,2550,282,20,12,14,40,0,0
2,2551,288,12,6,6,18,0,0
2,2552,295,15,10,10,34,0,0
2,2553,296,15,8,8,23,0,0
2,2554,288,12,6,6,18,0,0
2,2555,295,15,10,10,34,0,0
2,2556,296,15,8,8,23,0,0
2,2557,288,12,6,6,18,0,0
2,2558,296,15,8,8,23,0,0
2,2559,288,12,6,6,18,0,0
2,2560,296,15,8,8,23,0,0
2,2561,203,36,23,26,69,0,0
2,2562,243,20,11,13,36,0,0
2,2563,269,17,10,11,29,0,0
2,2564,287,9,9,10,29,0,0
2,2565,282,21,13,15,43,0,0
2,2566,282,21,13,15,43,0,0
2,2567,203,36,24,27,72,0,0
2,2568,243,21,11,13,36,0,0
2,2569,282,21,13,15,43,0,0
2,2570,287,9,9,11,30,0,0
2,2571,291,32,24,25,57,1,0
2,2572,243,21,11,13,36,0,0
2,2573,269,17,11,12,31,0,0
2,2574,201,17,9,10,31,0,0
2,2575,220,17,9,13,23,0,0
2,2576,243,21,11,13,36,0,0
2,2577,290,31,18,19,43,0,0
2,2578,218,14,10,12,36,0,0
2,2579,219,29,18,18,57,0,0
2,2580,228,29,16,16,46,1,0
2,2581,236,32,20,21,53,0,0
2,2582,287,9,9,12,31,0,0
2,2583,220,17,9,13,23,0,0
2,2584,228,29,16,16,46,1,0
2,2585,246,24,15,19,51,0,0
2,2586,264,20,11,11,25,0,0
2,2587,280,19,9,10,21,0,0
2,2588,201,18,9,10,31,0,0
2,2589,217,11,6,7,18,0,0
2,2590,220,17,9,13,23,0,0
2,2591,228,29,16,16,46,1,0
2,2592,236,32,20,21,53,0,0
2,2593,246,24,15,19,51,0,0
2,2594,261,25,16,19,50,0,0
2,2595,276,24,13,13,43,1,0
2,2596,280,19,9,10,21,0,0
2,2597,293,28,21,22,55,0,0
2,2598,201,18,9,10,31,0,0
2,2599,220,17,9,13,23,0,0
2,2600,246,24,15,19,51,0,0
2,2601,293,28,21,22,55,0,0
2,2602,224,22,12,15,47,0,0
2,2603,240,30,18,18,43,0,0
2,2604,246,24,15,19,51,0,0
2,2605,293,28,21,22,55,0,0
2,2606,293,28,21,22,55,0,0
2,2607,256,11,9,9,24,0,0
2,2608,201,18,9,10,31,0,0
2,2609,248,19,12,14,40,0,0
2,2610,290,31,19,20,45,0,0
2,2611,203,37,24,27,72,0,0
2,2612,269,18,11,12,31,0,0
2,2613,290,32,19,20,45,0,0
2,2614,293,29,22,23,58,0,0
2,2615,293,29,22,23,58,0,0
2,2616,293,29,22,23,58,0,0
2,2617,273,14,8,8,26,0,0
2,2618,273,14,8,8,26,0,0
2,2619,218,15,10,12,36,0,0
2,2620,247,15,9,12,34,0,0
2,2621,218,15,10,12,36,0,0
2,2622,247,15,9,12,34,0,0
2,2623,206,16,11,13,41,0,0
2,2624,235,19,14,14,42,0,0
2,2625,235,19,14,14,42,0,0
2,2626,226,31,19,20,55,0,0
2,2627,235,19,14,14,42,0,0
2,2628,235,19,14,14,42,0,0
2,2629,297,29,22,24,57,0,0
2,2630,201,18,10,11,35,0,0
2,2631,248,19,13,15,44,0,0
2,2632,260,8,4,4,11,0,0
2,2633,297,29,22,24,57,0,0
2,2634,260,8,4,4,11,0,0
2,2635,269,18,11,12,31,0,0
2,2636,218,15,11,13,37,0,0
2,2637,201,18,10,12,39,0,0
2,2638,216,15,7,9,24,0,0
2,2639,221,18,10,10,33,0,0
2,2640,260,8,5,5,15,0,0
2,2641,216,15,7,9,24,0,0
2,2642,216,15,7,9,24,0,0
2,2643,200,9,7,7,21,0,0
2,2644,201,19,10,12,39,0,0
2,2645,216,15,7,9,24,0,0
2,2646,247,16,10,13,36,0,0
2,2647,260,9,5,5,15,0,0
2,2648,215,18,11,11,23,0,0
2,2649,236,32,21,22,56,0,0
2,2650,219,30,19,19,61,0,0
2,2651,280,19,10,11,25,0,0
2,2652,289,32,20,21,60,0,0
2,2653,219,30,19,19,61,0,0
2,2654,231,24,10,10,24,0,0
2,2655,261,25,17,20,52,0,0
2,2656,266,28,16,17,50,0,0
2,2657,276,24,13,13,43,1,0
2,2658,289,32,20,21,60,0,0
2,2659,298,28,15,17,47,0,0
2,2660,212,15,10,11,32,0,0
2,2661,231,24,10,10,24,0,0
2,2662,266,28,16,17,50,0,0
2,2663,298,28,15,17,47,0,0
2,2664,266,28,16,17,50,0,0
2,2665,298,28,15,17,47,0,0
2,2666,289,32,21,22,63,0,0
2,2667,236,33,21,22,56,0,0
2,2668,285,24,13,15,40,0,0
2,2669,225,34,22,25,70,0,0
2,2670,255,17,11,12,32,0,0
2,2671,285,24,13,15,40,0,0
2,2672,285,24,13,15,40,0,0
2,2673,255,18,11,12,32,0,0
2,2674,261,26,17,20,52,0,0
2,2675,266,28,17,18,53,0,0
2,2676,298,28,16,18,51,0,0
2,2677,210,19,12,13,33,1,0
2,2678,227,13,6,6,22,2,0
2,2679,258,16,13,14,40,0,0
2,2680,259,16,9,12,34,0,0
2,2681,295,16,11,11,38,0,0
2,2682,277,16,9,9,24,0,0
2,2683,266,28,17,19,56,0,0
2,2684,289,34,21,22,63,0,0
2,2685,287,10,9,13,32,0,0
2,2686,289,34,21,22,63,0,0
2,2687,255,18,12,13,35,0,0
2,2688,246,25,15,19,51,0,0
2,2689,266,29,17,19,56,0,0
2,2690,284,32,20,23,57,0,0
2,2691,224,23,13,16,51,0,0
2,2692,246,25,15,19,51,0,0
2,2693,284,32,20,23,57,0,0
2,2694,246,25,15,19,51,0,0
2,2695,297,30,23,25,61,0,0
2,2696,202,19,13,16,41,0,0
2,2697,210,19,13,14,36,1,0
2,2698,258,16,14,15,44,0,0
2,2699,259,16,9,12,34,0,0
2,2700,236,33,22,23,57,0,0
2,2701,259,16,9,12,34,0,0
2,2702,207,28,16,16,39,0,0
2,2703,225,35,23,26,71,0,0
2,2704,263,15,9,9,24,0,0
2,2705,268,32,16,19,60,0,0
2,2706,221,18,11,11,36,0,0
2,2707,242,16,10,10,22,0,0
2,2708,260,9,5,5,15,0,0
2,2709,288,13,6,6,18,0,0
2,2710,296,16,9,9,25,0,0
2,2711,260,9,5,5,15,0,0
2,2712,210,19,13,15,39,1,0
2,2713,258,16,14,16,48,0,0
2,2714,237,18,12,13,36,0,0
2,2715,214,19,13,14,30,0,0
2,2716,222,33,16,16,42,0,0
2,2717,228,30,17,17,50,1,0
2,2718,253,17,10,13,34,0,0
2,2719,278,18,10,10,27,0,0
2,2720,205,12,8,8,16,0,0
2,2721,207,28,16,16,39,0,0
2,2722,216,16,8,10,28,0,0
2,2723,225,35,23,26,71,0,0
2,2724,228,30,17,17,50,1,0
2,2725,258,16,14,17,51,0,0
2,2726,263,15,9,9,24,0,0
2,2727,228,30,17,17,50,1,0
2,2728,264,21,12,12,27,0,0
2,2729,268,33,17,20,64,0,0
2,2730,292,7,5,5,17,0,0
2,2731,228,30,17,17,50,1,0
2,2732,228,30,17,17,50,1,0
2,2733,200,10,7,7,21,0,0
2,2734,212,16,11,12,34,0,0
2,2735,211,30,16,18,55,0,0
2,2736,211,30,16,18,55,0,0
2,2737,211,30,16,18,55,0,0
2,2738,253,18,11,14,38,0,0
2,2739,254,19,10,10,31,0,0
2,2740,211,30,16,18,55,0,0
2,2741,240,32,19,19,47,0,0
2,2742,253,18,11,14,38,0,0
2,2743,254,19,10,10,31,0,0
2,2744,253,18,11,14,38,0,0
2,2745,267,16,10,10,29,0,0
2,2746,299,15,8,8,18,0,0
2,2747,216,17,9,11,31,0,0
2,2748,299,15,8,8,18,0,0
2,2749,216,17,9,11,31,0,0
2,2750,227,14,7,7,25,2,0
2,2751,216,17,9,11,31,0,0
2,2752,216,17,9,11,31,0,0
2,2753,216,17,9,11,31,0,0
2,2754,210,20,13,15,39,1,0
2,2755,213,9,5,6,16,0,0
2,2756,259,17,10,13,36,0,0
2,2757,214,19,14,15,34,0,0
2,2758,282,22,14,16,45,0,0
2,2759,282,22,14,16,45,0,0
2,2760,282,22,14,16,45,0,0
2,2761,214,20,14,15,34,0,0
2,2762,282,22,14,16,45,0,0
2,2763,206,17,12,14,43,0,0
2,2764,257,20,7,8,26,0,0
2,2765,232,15,7,8,27,0,0
2,2766,238,12,8,10,25,0,0
2,2767,265,25,13,13,41,0,0
2,2768,272,27,16,17,47,0,0
2,2769,284,33,21,24,61,0,0
2,2770,224,24,14,17,55,0,0
2,2771,224,24,14,17,55,0,0
2,2772,284,34,22,25,64,0,0
2,2773,284,34,22,25,64,0,0
2,2774,250,24,13,15,44,0,0
2,2775,281,12,9,11,20,0,0
2,2776,250,24,13,15,44,0,0
2,2777,281,12,9,11,20,0,0
2,2778,285,25,14,16,44,0,0
2,2779,281,12,9,11,20,0,0
2,2780,232,15,7,8,27,0,0
2,2781,238,12,9,11,29,0,0
2,2782,272,27,16,17,47,0,0
2,2783,250,25,14,16,48,0,0
2,2784,285,26,15,17,48,0,0
2,2785,200,11,8,8,24,0,0
2,2786,219,32,20,20,62,0,0
2,2787,236,35,22,24,58,0,0
2,2788,280,22,10,11,25,0,0
2,2789,280,22,10,11,25,0,0
2,2790,218,16,11,14,38,0,0
2,2791,202,20,14,17,43,0,0
2,2792,218,16,11,14,38,0,0
2,2793,297,31,24,26,64,0,0
2,2794,221,19,11,11,36,0,0
2,2795,242,16,11,11,26,0,0
2,2796,286,29,20,20,52,0,0
2,2797,221,19,11,11,36,0,0
2,2798,286,29,20,20,52,0,0
2,2799,225,36,23,26,71,0,0
2,2800,232,15,7,8,27,0,0
2,2801,238,12,9,12,31,0,0
2,2802,271,27,15,18,48,0,0
2,2803,205,12,9,9,18,0,0
2,2804,206,17,12,14,43,0,0
2,2805,209,19,8,10,32,0,0
2,2806,212,18,12,13,36,0,0
2,2807,242,16,11,12,29,0,0
2,2808,248,20,13,16,48,0,0
2,2809,271,27,15,18,48,0,0
2,2810,279,17,9,12,28,0,0
2,2811,286,29,20,20,52,0,0
2,2812,290,33,20,21,46,0,0
2,2813,206,17,12,14,43,0,0
2,2814,212,18,12,13,36,0,0
2,2815,238,13,9,12,31,0,0
2,2816,271,27,15,18,48,0,0
2,2817,286,29,20,20,52,0,0
2,2818,212,18,12,13,36,0,0
2,2819,242,17,11,12,29,0,0
2,2820,252,14,11,11,27,1,0
2,2821,261,27,18,21,55,0,0
2,2822,265,26,14,14,45,0,0
2,2823,274,11,6,6,13,0,0
2,2824,276,25,13,13,43,1,0
2,2825,298,29,16,19,53,0,0
2,2826,211,31,16,18,55,0,0
2,2827,211,31,16,18,55,0,0
2,2828,238,13,9,12,31,0,0
2,2829,271,27,16,19,52,0,0
2,2830,283,30,19,24,67,0,0
2,2831,232,16,8,9,30,0,0
2,2832,236,35,23,25,62,0,0
2,2833,247,17,11,14,37,0,0
2,2834,232,16,8,9,30,0,0
2,2835,247,17,11,14,37,0,0
2,2836,232,16,8,9,30,0,0
2,2837,235,20,15,15,45,0,0
2,2838,236,36,23,25,62,0,0
2,2839,203,40,25,28,74,0,0
2,2840,209,20,8,10,32,0,0
2,2841,219,33,21,21,66,0,0
2,2842,219,33,21,21,66,0,0
2,2843,279,17,10,13,32,0,0
2,2844,225,38,24,27,74,0,0
2,2845,229,15,9,10,29,0,0
2,2846,279,18,10,13,32,0,0
2,2847,229,15,9,10,29,0,0
2,2848,279,18,10,13,32,0,0
2,2849,232,17,9,10,33,0,0
2,2850,279,18,10,13,32,0,0
2,2851,206,18,13,15,45,0,0
2,2852,223,7,2,2,7,0,0
2,2853,257,21,8,9,29,1,0
2,2854,294,11,5,5,11,0,0
2,2855,275,19,12,12,40,0,0
2,2856,229,15,10,11,33,0,0
2,2857,296,18,10,10,27,0,0
2,2858,216,18,10,12,33,0,0
2,2859,220,18,10,14,24,0,0
2,2860,243,23,12,14,38,0,0
2,2861,282,22,15,17,47,0,0
2,2862,263,16,10,10,25,0,0
2,2863,201,20,11,13,42,0,0
2,2864,218,17,12,15,39,0,0
2,2865,238,13,9,12,31,0,0
2,2866,283,30,20,25,68,0,0
2,2867,206,18,14,16,47,0,0
2,2868,281,13,10,12,24,0,0
2,2869,250,26,15,17,51,0,0
2,2870,206,18,14,17,49,0,0
2,2871,206,18,14,18,51,0,0
2,2872,209,20,9,11,36,0,0
2,2873,214,21,15,16,35,0,0
2,2874,289,36,22,23,66,0,0
2,2875,206,19,14,18,51,0,0
2,2876,238,13,10,13,33,0,0
2,2877,243,23,12,14,38,0,0
2,2878,287,11,10,14,35,0,0
2,2879,243,23,12,14,38,0,0
2,2880,261,27,18,21,55,0,0
2,2881,266,30,18,20,58,0,0
2,2882,271,28,16,20,55,0,0
2,2883,274,11,7,7,16,0,0
2,2884,276,25,14,14,47,1,0
2,2885,287,11,10,14,35,0,0
2,2886,298,29,16,19,53,0,0
2,2887,261,27,18,21,55,0,0
2,2888,266,30,18,20,58,0,0
2,2889,271,28,16,20,55,0,0
2,2890,298,29,16,19,53,0,0
2,2891,238,14,10,13,33,0,0
2,2892,266,30,18,20,58,0,0
2,2893,238,14,10,13,33,0,0
2,2894,274,12,7,7,16,0,0
2,2895,291,34,25,26,60,1,0
2,2896,237,19,13,14,39,0,0
2,2897,254,20,11,11,34,0,0
2,2898,256,13,10,10,28,0,0
2,2899,237,19,13,14,39,0,0
2,2900,256,13,10,10,28,0,0
2,2901,261,27,19,22,59,0,0
2,2902,266,30,19,21,62,0,0
2,2903,298,29,17,20,55,0,0
2,2904,256,13,10,10,28,0,0
2,2905,256,13,10,10,28,0,0
2,2906,261,28,19,22,59,0,0
2,2907,200,12,9,9,25,0,0
2,2908,215,19,12,12,24,0,0
2,2909,200,12,9,9,25,0,0
2,2910,215,19,12,12,24,0,0
2,2911,219,34,22,22,68,0,0
2,2912,283,31,20,26,69,0,0
2,2913,270,12,10,10,28,0,0
2,2914,283,31,20,26,69,0,0
2,2915,243,23,13,15,41,0,0
2,2916,270,12,10,10,28,0,0
2,2917,283,31,20,26,69,0,0
2,2918,287,11,10,14,35,0,0
2,2919,283,31,20,26,69,0,0
2,2920,283,31,20,26,69,0,0
2,2921,283,31,20,26,69,0,0
2,2922,283,31,20,26,69,0,0
2,2923,214,21,16,17,36,0,0
2,2924,220,20,11,15,26,0,0
2,2925,243,24,13,15,41,0,0
2,2926,283,31,20,26,69,0,0
2,2927,283,31,20,26,69,0,0
2,2928,283,31,20,26,69,0,0
2,2929,214,22,16,17,36,0,0
2,2930,229,15,10,12,34,0,0
2,2931,269,20,12,13,33,0,0
2,2932,208,14,8,8,23,1,0
2,2933,267,17,11,11,31,0,0
2,2934,295,18,12,12,41,0,0
2,2935,291,35,26,27,63,1,0
2,2936,295,18,12,12,41,0,0
2,2937,291,35,26,27,63,1,0
2,2938,295,18,12,12,41,0,0
2,2939,253,21,12,15,40,0,0
2,2940,236,39,24,26,65,0,0
2,2941,236,39,24,26,65,0,0
2,2942,253,22,13,16,44,0,0
2,2943,200,12,9,9,25,0,0
2,2944,238,15,11,14,34,0,0
2,2945,247,18,12,15,39,0,0
2,2946,217,12,7,8,19,0,0
2,2947,283,31,21,27,73,0,0
2,2948,260,10,6,6,18,0,0
2,2949,269,20,13,14,36,0,0
2,2950,280,23,11,12,28,0,0
2,2951,243,24,14,16,44,0,0
2,2952,283,33,21,27,73,0,0
2,2953,235,21,16,16,46,0,0
2,2954,269,21,13,14,36,0,0
2,2955,243,25,14,16,44,0,0
2,2956,269,21,13,14,36,0,0
2,2957,243,25,14,16,44,0,0
2,2958,260,10,7,7,22,0,0
2,2959,269,21,13,14,36,0,0
2,2960,243,25,14,16,44,0,0
2,2961,269,21,13,14,36,0,0
2,2962,260,11,7,7,22,0,0
2,2963,205,13,9,10,20,0,0
2,2964,205,13,9,10,20,0,0
2,2965,205,13,9,10,20,0,0
2,2966,205,13,9,10,20,0,0
2,2967,205,13,9,10,20,0,0
2,2968,205,13,9,10,20,0,0
2,2969,277,17,10,10,26,0,0
2,2970,240,33,20,20,51,0,0
2,2971,277,17,10,10,26,0,0
2,2972,291,36,27,28,65,1,0
2,2973,267,18,12,12,34,0,0
2,2974,277,17,10,10,26,0,0
2,2975,200,13,9,9,25,0,0
2,2976,200,13,9,9,25,0,0
2,2977,210,22,13,15,39,2,0
2,2978,252,15,12,12,28,1,0
2,2979,258,19,14,18,52,0,0
2,2980,268,35,18,21,66,0,0
2,2981,222,35,17,17,44,0,0
2,2982,268,35,18,21,66,0,0
2,2983,254,21,12,12,37,0,0
2,2984,254,21,12,12,37,0,0
2,2985,254,21,12,12,37,0,0
2,2986,254,21,12,12,37,0,0
2,2987,254,21,12,12,37,0,0
2,2988,254,21,12,12,37,0,0
2,2989,240,34,21,21,55,0,0
2,2990,210,22,13,15,39,2,0
2,2991,210,22,13,15,39,2,0
2,2992,207,31,16,16,39,0,0
2,2993,243,25,15,17,45,0,0
2,2994,243,26,15,17,45,0,0
2,2995,243,26,15,17,45,0,0
2,2996,204,12,5,6,15,0,0
2,2997,210,23,14,16,42,2,0
2,2998,221,20,12,12,39,0,0
2,2999,227,15,8,8,27,2,0
2,3000,234,14,8,9,23,0,0
2,3001,242,18,12,13,30,0,0
2,3002,243,26,15,17,45,0,0
2,3003,252,16,13,13,29,1,0
2,3004,259,18,10,13,36,0,0
2,3005,243,26,15,17,45,0,0
2,3006,243,26,15,17,45,0,0
2,3007,221,20,12,12,39,0,0
2,3008,234,14,8,9,23,0,0
2,3009,242,18,12,13,30,0,0
2,3010,221,20,12,12,39,0,0
2,3011,234,14,8,9,23,0,0
2,3012,242,18,12,13,30,0,0
2,3013,225,39,25,28,76,0,0
2,3014,265,27,15,15,49,0,0
2,3015,215,21,13,13,26,0,0
2,3016,215,21,13,13,26,0,0
2,3017,215,21,13,13,26,0,0
2,3018,287,12,11,15,39,0,0
2,3019,228,31,18,18,54,1,0
2,3020,287,12,11,15,39,0,0
2,3021,226,33,20,21,58,0,0
2,3022,293,30,23,24,61,0,0
2,3023,270,13,11,11,32,0,0
2,3024,295,19,13,13,45,1,0
2,3025,270,13,11,11,32,0,0
2,3026,270,13,11,11,32,0,0
2,3027,270,13,11,11,32,0,0
2,3028,226,33,20,21,58,0,0
2,3029,226,33,20,21,58,0,0
2,3030,237,20,14,15,42,0,0
2,3031,269,21,14,15,38,0,0
2,3032,280,23,12,13,30,0,0
2,3033,237,20,14,15,42,0,0
2,3034,260,12,8,8,24,0,0
2,3035,237,20,14,15,42,0,0
2,3036,235,22,17,17,50,0,0
2,3037,244,26,17,17,42,0,0
2,3038,206,21,14,18,51,0,0
2,3039,236,40,25,27,69,0,0
2,3040,207,32,17,17,43,0,0
2,3041,225,41,26,29,78,0,0
2,3042,236,40,25,27,69,0,0
2,3043,268,36,19,22,70,0,0
2,3044,267,19,13,13,35,0,0
2,3045,267,19,13,13,35,0,0
2,3046,218,18,13,16,42,0,0
2,3047,267,19,13,13,35,0,0
2,3048,291,37,28,29,69,1,0
2,3049,218,18,13,16,42,0,0
2,3050,247,19,13,16,43,0,0
2,3051,267,19,13,13,35,0,0
2,3052,291,37,28,29,69,1,0
2,3053,267,19,13,13,35,0,0
2,3054,203,41,26,29,78,0,0
2,3055,248,21,14,17,51,0,0
2,3056,267,19,13,13,35,0,0
2,3057,257,22,9,10,32,1,0
2,3058,257,22,9,10,32,1,0
2,3059,257,22,9,10,32,1,0
2,3060,291,37,28,29,69,1,0
2,3061,207,32,18,18,47,0,0
2,3062,225,41,27,30,79,0,0
2,3063,202,21,15,18,45,0,0
2,3064,268,37,20,23,73,0,0
2,3065,293,31,24,25,65,0,0
2,3066,202,21,15,18,45,0,0
2,3067,293,31,24,25,65,0,0
2,3068,297,32,25,27,67,0,0
2,3069,202,21,15,18,45,0,0
2,3070,207,33,18,18,47,0,0
2,3071,225,42,27,30,79,0,0
2,3072,293,31,24,25,65,0,0
2,3073,202,21,15,18,45,0,0
2,3074,202,21,15,18,45,0,0
2,3075,225,42,27,30,79,0,0
2,3076,225,42,27,30,79,0,0
2,3077,225,42,27,30,79,0,0
2,3078,225,42,27,30,79,0,0
2,3079,225,42,27,30,79,0,0
2,3080,225,42,27,30,79,0,0
2,3081,225,42,27,30,79,0,0
2,3082,288,14,7,7,21,0,0
2,3083,296,20,11,11,28,0,0
2,3084,288,14,7,7,21,0,0
2,3085,291,38,29,30,71,1,0
2,3086,296,20,11,11,28,0,0
2,3087,291,38,29,30,71,1,0
2,3088,291,38,29,30,71,1,0
2,3089,291,38,29,30,71,1,0
2,3090,291,38,29,30,71,1,0
2,3091,291,38,29,30,71,1,0
2,3092,291,38,29,30,71,1,0
2,3093,207,34,19,19,50,0,0
2,3094,207,34,19,19,50,0,0
2,3095,277,18,10,10,26,0,0
2,3096,207,34,19,19,50,0,0
2,3097,277,18,10,10,26,0,0
2,3098,242,18,12,13,30,0,0
2,3099,223,8,3,3,9,0,0
2,3100,224,25,15,18,58,1,0
2,3101,241,10,7,7,20,0,0
2,3102,246,26,16,20,55,0,0
2,3103,284,35,23,26,66,0,0
2,3104,299,16,9,9,21,0,0
2,3105,228,32,19,19,58,1,0
2,3106,200,14,10,10,27,0,0
2,3107,249,32,17,19,48,0,0
2,3108,277,18,11,11,30,0,0
2,3109,290,34,20,21,46,0,0
2,3110,210,24,14,16,42,2,0
2,3111,226,34,21,22,62,0,0
2,3112,227,16,8,8,27,2,0
2,3113,249,32,17,19,48,0,0
2,3114,252,17,14,14,30,1,0
2,3115,259,19,10,13,36,0,0
2,3116,264,22,13,13,29,0,0
2,3117,277,18,11,12,32,0,0
2,3118,290,34,20,21,46,0,0
2,3119,203,41,26,29,78,0,0
2,3120,289,37,22,23,66,0,0
2,3121,225,43,28,31,81,0,0
2,3122,272,29,17,18,50,0,0
2,3123,276,26,14,15,51,3,0
2,3124,277,19,11,12,32,0,0
2,3125,283,34,21,27,73,0,0
2,3126,272,29,17,18,50,0,0
2,3127,276,26,14,15,51,3,0
2,3128,283,34,21,27,73,0,0
2,3129,228,33,20,20,61,1,0
2,3130,228,33,20,20,61,1,0
2,3131,275,20,13,13,44,0,0
2,3132,228,33,20,20,61,1,0
2,3133,240,36,22,22,58,0,0
2,3134,295,20,14,14,48,1,0
2,3135,295,20,14,14,48,1,0
2,3136,283,34,22,28,77,0,0
2,3137,295,20,14,14,48,1,0
2,3138,227,16,9,9,29,2,0
2,3139,252,17,14,14,30,1,0
2,3140,259,19,10,13,36,0,0
2,3141,264,22,14,14,33,0,0
2,3142,268,39,21,24,76,0,0
2,3143,219,37,23,23,69,0,0
2,3144,223,8,3,3,9,0,0
2,3145,241,10,8,8,24,0,0
2,3146,284,35,23,26,66,0,0
2,3147,299,16,9,9,21,0,0
2,3148,223,8,3,3,9,0,0
2,3149,252,17,14,14,30,1,0
2,3150,264,22,14,15,37,0,0
2,3151,283,35,22,28,77,0,0
2,3152,284,35,23,26,66,0,0
2,3153,299,16,9,9,21,0,0
2,3154,252,17,14,14,30,1,0
2,3155,252,17,14,14,30,1,0
2,3156,259,19,11,14,40,0,0
2,3157,289,37,23,24,70,0,0
2,3158,252,17,14,14,30,1,0
2,3159,285,27,16,18,51,0,0
2,3160,290,34,21,22,50,0,0
2,3161,227,17,9,9,29,2,0
2,3162,249,33,18,20,51,0,0
2,3163,264,23,14,15,37,0,0
2,3164,285,27,16,18,51,0,0
2,3165,289,37,23,25,73,0,0
2,3166,249,33,18,20,51,0,0
2,3167,289,37,23,26,74,0,0
2,3168,206,22,15,19,53,0,0
2,3169,206,22,15,19,53,0,0
2,3170,222,36,18,18,48,0,0
2,3171,229,16,10,13,37,0,0
2,3172,246,27,16,20,55,0,0
2,3173,222,36,18,18,48,0,0
2,3174,229,16,10,13,37,0,0
2,3175,222,36,18,18,48,0,0
2,3176,226,35,22,23,66,0,0
2,3177,229,16,10,13,37,0,0
2,3178,270,14,12,12,36,0,0
2,3179,218,20,14,17,45,0,0
2,3180,291,39,30,31,75,1,0
2,3181,237,20,15,16,46,0,0
2,3182,252,17,15,15,31,1,0
2,3183,208,15,9,9,26,1,0
2,3184,285,27,17,19,54,0,0
2,3185,295,21,15,15,51,1,0
2,3186,290,35,21,23,52,0,0
2,3187,285,28,17,19,54,0,0
2,3188,257,23,10,11,35,1,0
2,3189,257,23,10,11,35,1,0
2,3190,256,16,11,11,30,0,0
2,3191,211,32,17,19,58,0,0
2,3192,223,8,3,3,9,0,0
2,3193,256,16,11,11,30,0,0
2,3194,284,35,23,26,66,0,0
2,3195,299,16,10,10,25,0,0
2,3196,256,16,11,11,30,0,0
2,3197,256,16,11,11,30,0,0
2,3198,236,41,26,28,73,0,0
2,3199,236,41,26,28,73,0,0
2,3200,237,21,15,16,46,0,0
2,3201,269,22,14,15,38,0,0
2,3202,211,32,17,19,58,0,0
2,3203,223,8,3,3,9,0,0
2,3204,278,19,11,11,28,0,0
2,3205,299,17,10,11,28,0,0
2,3206,299,17,10,11,28,0,0
2,3207,211,32,17,19,58,0,0
2,3208,223,8,4,4,12,0,0
2,3209,299,17,10,11,28,0,0
2,3210,211,32,17,19,58,0,0
2,3211,299,17,10,11,28,0,0
2,3212,223,9,4,4,12,0,0
2,3213,227,17,9,9,29,2,0
2,3214,252,18,15,15,31,1,0
2,3215,292,8,5,5,17,2,0
2,3216,227,17,9,9,29,2,0
2,3217,252,18,15,15,31,1,0
2,3218,297,33,26,28,69,0,0
2,3219,297,33,26,28,69,0,0
2,3220,248,22,15,18,54,0,0
2,3221,248,22,15,18,54,0,0
2,3222,248,22,15,18,54,0,0
2,3223,224,26,16,19,61,1,0
2,3224,232,18,10,11,36,0,0
2,3225,284,36,24,27,70,0,0
2,3226,284,36,24,27,70,0,0
2,3227,284,36,24,27,70,0,0
2,3228,230,10,2,2,5,0,0
2,3229,284,36,24,27,70,0,0
2,3230,207,36,20,20,52,0,0
2,3231,225,45,29,32,82,0,0
2,3232,247,20,14,17,47,0,0
2,3233,207,36,20,20,52,0,0
2,3234,225,45,29,32,82,0,0
2,3235,247,20,14,17,47,0,0
2,3236,207,36,20,20,52,0,0
2,3237,225,45,29,32,82,0,0
2,3238,247,20,14,17,47,0,0
2,3239,207,36,20,20,52,0,0
2,3240,225,45,29,32,82,0,0
2,3241,252,18,15,15,31,1,0
2,3242,208,15,9,9,26,1,0
2,3243,210,25,15,17,46,2,0
2,3244,259,21,11,15,43,0,0
2,3245,211,32,18,20,62,0,0
2,3246,249,34,19,21,54,0,0
2,3247,270,14,13,13,38,0,0
2,3248,290,36,22,24,54,0,0
2,3249,225,45,29,32,82,0,0
2,3250,225,45,29,32,82,0,0
2,3251,270,15,13,13,38,0,0
2,3252,270,15,13,13,38,0,0
2,3253,210,25,16,18,48,2,0
2,3254,250,28,16,18,55,0,0
2,3255,259,21,11,15,43,0,0
2,3256,268,40,22,25,80,0,0
2,3257,268,40,22,25,80,0,0
2,3258,210,26,16,18,48,2,0
2,3259,216,19,11,13,37,0,0
2,3260,268,40,23,26,83,0,0
2,3261,207,37,21,21,54,0,0
2,3262,207,37,21,21,54,0,0
2,3263,268,40,23,27,85,0,0
2,3264,207,37,21,21,54,0,0
2,3265,207,37,21,21,54,0,0
2,3266,270,15,14,14,39,0,0
2,3267,285,29,18,20,56,0,0
2,3268,285,29,18,20,56,0,0
2,3269,211,33,18,21,65,0,0
2,3270,285,29,18,20,56,0,0
2,3271,211,33,18,21,65,0,0
2,3272,235,23,18,18,51,0,0
2,3273,213,10,6,7,19,0,0
2,3274,285,29,19,21,58,0,0
2,3275,213,10,6,7,19,0,0
2,3276,267,20,14,14,37,0,0
2,3277,290,36,23,25,55,0,0
2,3278,258,21,15,19,55,0,0
2,3279,285,30,19,21,58,0,0
2,3280,248,23,16,19,58,0,0
2,3281,263,17,11,11,26,0,0
2,3282,288,14,8,8,23,0,0
2,3283,291,40,31,32,77,1,0
2,3284,200,15,11,11,28,0,0
2,3285,263,17,11,11,26,0,0
2,3286,291,40,32,33,80,1,0
2,3287,200,15,11,11,28,0,0
2,3288,241,11,8,9,26,0,0
2,3289,263,17,11,11,26,0,0
2,3290,265,28,16,16,51,0,0
2,3291,272,30,18,19,53,0,0
2,3292,276,27,15,16,53,3,0
2,3293,288,15,8,9,25,0,0
2,3294,200,15,11,11,28,0,0
2,3295,263,17,11,11,26,0,0
2,3296,291,40,32,34,81,1,0
2,3297,231,25,11,11,28,0,0
2,3298,231,25,11,11,28,0,0
2,3299,263,17,11,11,26,0,0
2,3300,231,25,11,11,28,0,0
2,3301,296,21,12,12,29,0,0
2,3302,203,42,27,30,82,0,0
2,3303,289,38,23,27,75,0,0
2,3304,203,42,27,30,82,0,0
2,3305,289,38,23,27,75,0,0
2,3306,203,42,27,30,82,0,0
2,3307,289,38,23,27,75,0,0
2,3308,286,31,21,21,56,0,0
2,3309,289,38,23,27,75,0,0
2,3310,286,31,21,21,56,0,0
2,3311,289,38,23,27,75,0,0
2,3312,253,23,14,17,47,0,0
2,3313,248,23,17,20,60,0,0
2,3314,219,38,24,24,73,0,0
2,3315,236,42,27,29,74,0,0
2,3316,248,24,17,20,60,0,0
2,3317,248,24,17,20,60,0,0
2,3318,257,24,11,12,38,1,0
2,3319,248,24,17,20,60,0,0
2,3320,248,24,17,20,60,0,0
2,3321,225,47,30,33,86,0,0
2,3322,232,19,11,12,40,0,0
2,3323,225,47,30,33,86,0,0
2,3324,232,19,11,12,40,0,0
2,3325,206,24,16,20,55,0,0
2,3326,257,25,12,13,40,1,0
2,3327,233,12,9,9,26,0,0
2,3328,241,11,8,9,26,0,0
2,3329,255,21,12,14,38,0,0
2,3330,265,28,17,17,53,0,0
2,3331,271,30,17,21,56,0,0
2,3332,272,30,18,19,53,0,0
2,3333,283,36,23,29,78,0,0
2,3334,265,29,17,17,53,0,0
2,3335,283,36,23,29,78,0,0
2,3336,265,29,17,17,53,0,0
2,3337,232,19,11,12,40,0,0
2,3338,275,21,14,14,48,0,0
2,3339,295,22,16,16,54,1,0
2,3340,240,37,23,23,62,0,0
2,3341,241,11,9,10,30,0,0
2,3342,283,36,24,30,82,0,0
2,3343,240,37,23,23,62,0,0
2,3344,240,37,23,23,62,0,0
2,3345,241,11,9,11,32,0,0
2,3346,209,21,9,12,39,0,0
2,3347,214,23,17,18,38,0,0
2,3348,241,12,9,11,32,0,0
2,3349,262,13,6,9,26,0,0
2,3350,286,32,22,22,59,0,0
2,3351,241,12,9,11,32,0,0
2,3352,286,32,22,22,59,0,0
2,3353,274,14,8,8,20,0,0
2,3354,274,14,8,8,20,0,0
2,3355,274,14,8,8,20,0,0
2,3356,236,42,28,30,78,0,0
2,3357,274,14,8,8,20,0,0
2,3358,236,43,28,30,78,0,0
2,3359,236,43,28,30,78,0,0
2,3360,236,43,28,30,78,0,0
2,3361,236,43,28,30,78,0,0
2,3362,236,43,28,30,78,0,0
2,3363,208,16,10,10,29,1,0
2,3364,295,22,16,16,54,1,0
2,3365,256,17,12,12,33,0,0
2,3366,292,9,6,6,21,2,0
2,3367,202,22,16,19,47,0,0
2,3368,292,9,6,6,21,2,0
2,3369,219,39,25,25,76,0,0
2,3370,292,9,6,6,21,2,0
2,3371,264,24,15,16,39,0,0
2,3372,275,22,15,15,52,0,0
2,3373,286,33,23,23,62,0,0
2,3374,216,20,12,14,40,0,0
2,3375,218,21,15,18,47,0,0
2,3376,210,27,17,19,50,2,0
2,3377,259,22,12,16,46,0,0
2,3378,295,22,17,17,56,1,0
2,3379,224,27,16,19,61,1,0
2,3380,238,16,12,15,35,0,0
2,3381,246,28,17,21,59,0,0
2,3382,210,27,17,19,50,2,0
2,3383,210,27,17,19,50,2,0
2,3384,295,23,17,17,56,1,0
2,3385,210,27,17,19,50,2,0
2,3386,295,23,17,17,56,1,0
2,3387,236,44,29,31,80,0,0
2,3388,263,19,12,12,29,0,0
2,3389,288,16,9,10,26,0,0
2,3390,296,22,13,13,32,0,0
2,3391,288,17,9,10,26,0,0
2,3392,288,17,9,10,26,0,0
2,3393,288,17,9,10,26,0,0
2,3394,209,21,9,12,39,0,0
2,3395,220,21,12,16,27,0,0
2,3396,243,27,16,18,49,0,0
2,3397,282,25,15,18,51,0,0
2,3398,288,17,9,10,26,0,0
2,3399,297,35,27,29,71,0,0
2,3400,297,35,27,29,71,0,0
2,3401,297,35,27,29,71,0,0
2,3402,220,21,12,16,27,0,0
2,3403,243,27,17,19,52,0,0
2,3404,282,25,15,18,51,0,0
2,3405,212,21,13,14,38,0,0
2,3406,243,28,17,19,52,0,0
2,3407,287,14,12,16,42,0,0
2,3408,212,21,13,14,38,0,0
2,3409,220,21,13,17,28,0,0
2,3410,243,28,17,19,52,0,0
2,3411,282,25,16,19,55,0,0
2,3412,287,14,12,16,42,0,0
2,3413,212,21,13,14,38,0,0
2,3414,287,14,12,16,42,0,0
2,3415,220,22,13,17,28,0,0
2,3416,239,30,16,19,53,0,0
2,3417,220,22,13,17,28,0,0
2,3418,277,21,12,13,34,0,0
2,3419,277,21,12,13,34,0,0
2,3420,205,14,10,11,24,0,0
2,3421,210,27,18,20,52,2,0
2,3422,231,26,12,12,32,0,0
2,3423,266,31,19,22,66,0,0
2,3424,217,13,8,9,22,0,0
2,3425,238,16,13,16,39,0,0
2,3426,217,13,8,9,22,0,0
2,3427,287,14,12,16,42,0,0
2,3428,217,13,8,9,22,0,0
2,3429,238,16,13,17,42,0,0
2,3430,255,22,13,15,42,0,0
2,3431,231,26,12,12,32,0,0
2,3432,266,31,19,22,66,0,0
2,3433,291,43,32,34,81,1,0
2,3434,200,16,12,12,31,0,0
2,3435,291,43,32,34,81,1,0
2,3436,231,26,13,13,35,0,0
2,3437,266,31,19,22,66,0,0
2,3438,266,31,19,22,66,0,0
2,3439,252,20,16,16,32,1,0
2,3440,267,22,15,15,39,0,0
2,3441,278,20,12,12,29,0,0
2,3442,220,22,14,18,29,0,0
2,3443,202,23,17,20,49,0,0
2,3444,220,23,14,18,29,0,0
2,3445,256,18,13,13,35,0,0
2,3446,256,18,13,13,35,0,0
2,3447,265,31,17,17,53,0,0
2,3448,284,37,25,28,71,0,0
2,3449,250,29,17,19,59,0,0
2,3450,265,31,18,18,57,0,0
2,3451,272,31,19,20,57,0,0
2,3452,275,24,15,15,52,0,0
2,3453,248,25,18,21,64,0,0
2,3454,260,13,9,9,25,0,0
2,3455,280,26,12,14,32,0,0
2,3456,206,25,17,21,59,0,0
2,3457,257,26,12,13,40,1,0
2,3458,232,20,12,13,44,0,0
2,3459,232,20,12,13,44,0,0
2,3460,232,20,12,13,44,0,0
2,3461,206,25,18,22,60,0,0
2,3462,257,26,12,13,40,1,0
2,3463,208,18,11,11,32,1,0
2,3464,213,11,7,8,23,0,0
2,3465,264,25,16,17,41,0,0
2,3466,291,44,33,35,85,1,0
2,3467,228,34,21,21,64,1,0
2,3468,228,34,21,21,64,1,0
2,3469,277,22,13,14,37,0,0
2,3470,228,34,21,21,64,1,0
2,3471,277,22,13,14,37,0,0
2,3472,228,34,21,21,64,1,0
2,3473,277,22,13,14,37,0,0
2,3474,228,34,21,21,64,1,0
2,3475,249,35,20,22,57,0,0
2,3476,290,38,23,25,55,0,0
2,3477,239,31,17,20,57,0,0
2,3478,272,31,20,21,60,0,0
2,3479,239,31,17,20,57,0,0
2,3480,296,24,14,14,33,0,0
2,3481,269,23,15,16,40,0,0
2,3482,272,32,20,21,60,0,0
2,3483,269,23,15,16,40,0,0
2,3484,272,32,20,21,60,0,0
2,3485,269,23,15,16,40,0,0
2,3486,272,32,20,21,60,0,0
2,3487,269,23,15,16,40,0,0
2,3488,272,32,20,21,60,0,0
2,3489,206,25,18,23,61,0,0
2,3490,269,23,15,16,40,0,0
2,3491,272,32,20,21,60,0,0
2,3492,299,18,11,12,31,0,0
2,3493,206,25,18,24,62,0,0
2,3494,299,18,11,12,31,0,0
2,3495,239,32,18,21,61,0,0
2,3496,291,45,34,36,87,1,0
2,3497,299,18,11,12,31,0,0
2,3498,291,45,34,36,87,1,0
2,3499,206,26,18,24,62,0,0
2,3500,212,22,14,15,39,0,0
2,3501,222,37,18,18,48,0,0
2,3502,287,15,13,17,44,0,0
2,3503,292,10,7,7,25,2,0
2,3504,293,33,25,26,68,0,0
2,3505,206,26,18,24,62,0,0
2,3506,212,22,14,15,39,0,0
2,3507,216,21,13,15,41,0,0
2,3508,275,25,16,16,56,0,0
2,3509,287,15,13,17,44,0,0
2,3510,216,21,13,15,41,0,0
2,3511,240,40,24,24,65,0,0
2,3512,263,20,13,13,31,0,0
2,3513,297,37,28,30,74,0,0
2,3514,216,21,13,15,41,0,0
2,3515,257,27,13,14,42,1,0
2,3516,257,27,13,14,42,1,0
2,3517,246,29,18,22,63,0,0
2,3518,218,22,16,19,49,0,0
2,3519,218,22,16,19,49,0,0
2,3520,218,22,16,19,49,0,0
2,3521,247,22,15,18,50,0,0
2,3522,217,13,9,10,24,0,0
2,3523,268,42,23,27,85,0,0
2,3524,268,42,23,27,85,0,0
2,3525,213,11,7,8,23,0,0
2,3526,217,14,9,10,24,0,0
2,3527,252,21,17,17,34,1,0
2,3528,264,25,17,18,42,0,0
2,3529,213,11,7,8,23,0,0
2,3530,217,14,9,10,24,0,0
2,3531,252,21,17,17,34,1,0
2,3532,202,24,18,21,50,0,0
2,3533,252,21,17,17,34,1,0
2,3534,202,24,18,21,50,0,0
2,3535,202,24,18,21,50,0,0
2,3536,202,24,18,21,50,0,0
2,3537,216,22,14,16,44,0,0
2,3538,202,24,18,21,50,0,0
2,3539,290,38,24,26,57,0,0
2,3540,249,36,21,23,61,0,0
2,3541,255,23,14,16,46,0,0
2,3542,263,20,14,14,32,0,0
2,3543,255,23,14,16,46,0,0
2,3544,297,38,29,31,77,0,0
2,3545,253,25,15,18,50,0,0
2,3546,255,23,14,16,46,0,0
2,3547,263,20,14,15,33,0,0
2,3548,290,38,24,27,60,0,0
2,3549,297,38,29,31,77,0,0
2,3550,253,25,15,18,50,0,0
2,3551,297,38,29,31,77,0,0
2,3552,213,11,8,9,26,0,0
2,3553,253,25,15,18,50,0,0
2,3554,285,31,20,22,60,0,0
2,3555,297,38,29,31,77,0,0
2,3556,231,28,13,14,38,2,0
2,3557,253,25,15,18,50,0,0
2,3558,255,23,15,17,50,0,0
2,3559,263,21,14,15,33,0,0
2,3560,285,31,20,22,60,0,0
2,3561,297,38,29,31,77,0,0
2,3562,231,28,13,14,38,2,0
2,3563,250,30,18,20,62,0,0
2,3564,263,21,14,15,33,0,0
2,3565,297,38,29,31,77,0,0
2,3566,263,21,14,15,33,0,0
2,3567,297,38,29,31,77,0,0
2,3568,255,24,15,17,50,0,0
2,3569,263,21,14,15,33,0,0
2,3570,290,39,24,27,60,0,0
2,3571,297,38,29,31,77,0,0
2,3572,290,39,24,27,60,0,0
2,3573,295,25,17,17,56,1,0
2,3574,271,31,18,22,58,0,0
2,3575,271,31,18,22,58,0,0
2,3576,271,31,18,22,58,0,0
2,3577,211,34,19,22,67,0,0
2,3578,254,22,13,13,38,0,0
2,3579,299,19,12,13,33,0,0
2,3580,204,13,6,7,19,0,0
2,3581,204,13,6,7,19,0,0
2,3582,204,13,6,7,19,0,0
2,3583,264,27,17,19,43,0,0
2,3584,240,42,24,24,65,0,0
2,3585,299,20,13,14,34,0,0
2,3586,213,12,8,9,26,0,0
2,3587,227,19,10,10,31,2,0
2,3588,255,24,16,18,52,0,0
2,3589,209,22,10,13,43,0,0
2,3590,214,24,18,19,41,0,0
2,3591,255,25,16,18,52,0,0
2,3592,262,14,6,9,26,0,0
2,3593,279,19,11,14,35,0,0
2,3594,255,25,16,18,52,0,0
2,3595,222,38,19,19,52,0,0
2,3596,249,37,22,24,64,0,0
2,3597,255,25,16,18,52,0,0
2,3598,222,38,19,19,52,0,0
2,3599,249,37,22,24,64,0,0
2,3600,255,25,16,18,52,0,0
2,3601,213,12,8,9,26,0,0
2,3602,240,43,25,25,68,0,0
2,3603,250,30,18,20,62,0,0
2,3604,227,20,11,11,35,2,0
2,3605,249,37,22,24,64,0,0
2,3606,250,30,19,21,65,0,0
2,3607,254,22,14,14,42,0,0
2,3608,224,28,17,20,64,1,0
2,3609,230,11,3,3,9,0,0
2,3610,274,15,9,9,22,0,0
2,3611,284,38,26,29,74,0,0
2,3612,207,38,22,22,58,0,0
2,3613,225,48,31,34,89,0,0
2,3614,254,23,14,14,42,0,0
2,3615,207,38,22,22,58,0,0
2,3616,225,48,31,34,89,0,0
2,3617,254,23,14,14,42,0,0
2,3618,207,38,22,22,58,0,0
2,3619,225,48,31,34,89,0,0
2,3620,237,22,16,17,48,0,0
2,3621,244,27,18,18,46,0,0
2,3622,254,23,14,14,42,0,0
2,3623,244,27,18,18,46,0,0
2,3624,254,23,14,14,42,0,0
2,3625,244,27,18,18,46,0,0
2,3626,254,23,14,14,42,0,0
2,3627,254,23,14,14,42,0,0
2,3628,274,15,10,10,26,0,0
2,3629,287,16,14,18,46,0,0
2,3630,274,16,10,10,26,0,0
2,3631,274,16,10,10,26,0,0
2,3632,274,16,10,10,26,0,0
2,3633,274,16,10,10,26,0,0
2,3634,211,35,20,23,71,0,0
2,3635,207,39,22,22,58,0,0
2,3636,255,26,17,19,56,0,0
2,3637,266,32,20,23,70,0,0
2,3638,203,43,27,30,82,0,0
2,3639,209,22,10,13,43,0,0
2,3640,214,24,19,20,44,0,0
2,3641,220,24,15,19,32,0,0
2,3642,243,29,18,20,55,0,0
2,3643,279,19,12,15,38,0,0
2,3644,289,39,24,28,79,0,0
2,3645,209,22,10,13,43,0,0
2,3646,214,24,19,21,45,0,0
2,3647,203,43,28,31,86,0,0
2,3648,279,20,12,15,38,0,0
2,3649,282,26,16,20,59,0,0
2,3650,289,39,25,29,81,0,0
2,3651,209,22,11,14,47,0,0
2,3652,214,25,19,21,45,0,0
2,3653,289,39,25,30,83,0,0
2,3654,290,40,25,28,62,0,0
2,3655,203,44,28,31,86,0,0
2,3656,209,22,11,15,49,0,0
2,3657,279,20,13,16,40,0,0
2,3658,282,26,17,21,63,0,0
2,3659,209,22,11,16,50,0,0
2,3660,214,25,20,22,48,0,0
2,3661,215,22,14,14,29,0,0
2,3662,279,20,13,17,42,0,0
2,3663,289,40,25,30,83,0,0
2,3664,203,44,29,32,90,0,0
2,3665,282,27,17,21,63,0,0
2,3666,289,40,25,30,83,0,0
2,3667,282,27,17,21,63,0,0
2,3668,289,40,25,30,83,0,0
2,3669,209,23,11,16,50,0,0
2,3670,214,26,20,22,48,0,0
2,3671,237,23,17,18,51,0,0
2,3672,279,21,13,17,42,0,0
2,3673,289,40,25,30,83,0,0
2,3674,214,26,20,22,48,0,0
2,3675,237,23,17,18,51,0,0
2,3676,248,27,18,21,64,0,0
2,3677,237,23,17,18,51,0,0
2,3678,232,21,13,14,48,0,0
2,3679,263,22,15,16,34,0,0
2,3680,288,18,10,11,30,0,0
2,3681,207,40,23,23,62,0,0
2,3682,268,43,24,28,89,0,0
2,3683,232,21,13,14,48,0,0
2,3684,200,18,13,13,32,0,0
2,3685,200,18,13,13,32,0,0
2,3686,200,18,13,13,32,0,0
2,3687,211,35,21,24,74,1,0
2,3688,258,22,16,20,57,0,0
2,3689,258,22,16,20,57,0,0
2,3690,232,22,14,15,52,0,0
2,3691,232,22,14,15,52,0,0
2,3692,258,22,17,21,61,0,0
2,3693,258,23,17,21,61,0,0
2,3694,258,23,17,21,61,0,0
2,3695,250,31,19,21,65,0,0
2,3696,250,31,19,21,65,0,0
2,3697,219,40,26,26,77,0,0
2,3698,236,45,30,32,84,0,0
2,3699,225,49,32,35,93,0,0
2,3700,254,24,15,15,44,0,0
2,3701,268,43,25,29,93,0,0
2,3702,225,49,32,35,93,0,0
2,3703,254,24,15,15,44,0,0
2,3704,225,49,32,35,93,0,0
2,3705,243,29,19,21,58,0,0
2,3706,296,26,15,15,37,0,0
2,3707,220,24,16,20,33,0,0
2,3708,248,28,18,21,64,0,0
2,3709,248,28,18,21,64,0,0
2,3710,248,28,18,21,64,0,0
2,3711,248,28,18,21,64,0,0
2,3712,248,28,18,21,64,0,0
2,3713,275,26,17,17,59,0,0
2,3714,236,45,31,33,87,0,0
2,3715,219,41,27,27,81,0,0
2,3716,219,41,27,27,81,0,0
2,3717,213,13,9,10,28,0,0
2,3718,250,32,20,22,68,0,0
2,3719,257,28,14,15,44,1,0
2,3720,238,17,13,18,43,0,0
2,3721,240,44,26,26,71,0,0
2,3722,212,23,14,15,39,0,0
2,3723,232,23,15,16,55,0,0
2,3724,288,19,11,12,31,0,0
2,3725,296,26,16,16,41,0,0
2,3726,212,23,14,15,39,0,0
2,3727,216,23,15,17,45,0,0
2,3728,236,46,31,34,89,0,0
2,3729,281,14,11,13,27,0,0
2,3730,288,19,11,12,31,0,0
2,3731,232,23,16,17,58,0,0
2,3732,288,19,11,12,31,0,0
2,3733,296,27,16,16,41,0,0
2,3734,288,19,11,12,31,0,0
2,3735,253,26,16,19,54,0,0
